Accession,(SSI VS NSI)p-value,(SSI VS NSI)Log2Fc,(SSI VS SS)p-value,(SSI VS SS)Log2Fc,(NSI VS NS)p-value,(NSI VS NS)Log2Fc,(SS VS NS)p-value,(SS VS NS)Log2Fc,SSI VS NSI-DE,SSI VS NSI-Up,SSI VS NSI-Down,SSI VS SS-DE,SSI VS SS-Up,SSI VS SS-Down,NSI VS NS-DE,NSI VS NS-Up,NSI VS NS-Down,SS VS NS-DE,SS VS NS-Up,SS VS NS-Down
A0A0N7KF66_ORYSJ,0.002663068,-1.241278308,NP,NP,2.36E-06,6.09836586,NP,NP,1,0,1,0,0,0,1,1,0,0,0,0
A0A0N7KHA7_ORYSJ,0.044609838,0.206549456,NP,NP,NP,NP,NP,NP,1,1,0,0,0,0,0,0,0,0,0,0
A0A0N7KHG5_ORYSJ,0.050257461,0.164432793,NP,NP,NP,NP,NP,NP,0,0,0,0,0,0,0,0,0,0,0,0
A0A0N7KHY9_ORYSJ,0.011618693,0.36094574,NP,NP,NP,NP,NP,NP,1,1,0,0,0,0,0,0,0,0,0,0
A0A0N7KI63_ORYSJ,0.000362899,0.311793863,0.000792647,0.737905306,0.34880293,0.015423397,NP,NP,1,1,0,1,1,0,0,0,0,0,0,0
A0A0N7KJH4_ORYSJ,0.000287823,-0.416581614,NP,NP,0.018529469,0.15701099,0.333552594,0.051284703,1,0,1,0,0,0,1,1,0,0,0,0
A0A0N7KJI5_ORYSJ,0.005533659,0.495389423,NP,NP,NP,NP,NP,NP,1,1,0,0,0,0,0,0,0,0,0,0
A0A0N7KJY3_ORYSJ,0.005910878,0.415861722,0.000348614,-2.41136472,3.84E-05,-0.868211508,NP,NP,1,1,0,1,0,1,1,0,1,0,0,0
A0A0N7KMI8_ORYSJ,0.040771044,-0.847447402,NP,NP,NP,NP,NP,NP,1,0,1,0,0,0,0,0,0,0,0,0
A0A0N7KMK1_ORYSJ,0.005785903,-0.248641408,0.096246601,0.162949347,NP,NP,NP,NP,1,0,1,0,0,0,0,0,0,0,0,0
A0A0N7KML3_ORYSJ,0.187253996,0.084051848,NP,NP,NP,NP,NP,NP,0,0,0,0,0,0,0,0,0,0,0,0
A0A0N7KMR2_ORYSJ,0.041802838,-0.140894307,NP,NP,0.000305144,-0.285715457,NP,NP,1,0,1,0,0,0,1,0,1,0,0,0
A0A0N7KN90_ORYSJ,0.017677318,0.077727663,0.162080904,0.255534612,NP,NP,NP,NP,1,1,0,0,0,0,0,0,0,0,0,0
A0A0N7KNA1_ORYSJ,0.000426863,-0.411212273,0.068586513,0.213612083,NP,NP,NP,NP,1,0,1,0,0,0,0,0,0,0,0,0
A0A0N7KP75_ORYSJ,0.431443418,0.011840015,0.255169423,0.191452156,NP,NP,NP,NP,0,0,0,0,0,0,0,0,0,0,0,0
A0A0N7KPF9_ORYSJ,0.000279281,-0.349491226,NP,NP,0.008788944,0.179416977,NP,NP,1,0,1,0,0,0,1,1,0,0,0,0
A0A0N7KQF2_ORYSJ,2.16E-05,0.910909542,NP,NP,NP,NP,NP,NP,1,1,0,0,0,0,0,0,0,0,0,0
A0A0N7KSX4_ORYSJ,0.000313545,0.27245085,NP,NP,0.28749728,-0.01878645,NP,NP,1,1,0,0,0,0,0,0,0,0,0,0
A0A0N7KT80_ORYSJ,0.089370676,-0.127786569,NP,NP,0.000976859,0.518744585,NP,NP,0,0,0,0,0,0,1,1,0,0,0,0
A0A0N7KT99_ORYSJ,1.01E-05,-0.525486404,NP,NP,0.037440534,0.07053041,NP,NP,1,0,1,0,0,0,1,1,0,0,0,0
A0A0N7KTJ8_ORYSJ,0.036739558,-0.129386855,NP,NP,NP,NP,NP,NP,1,0,1,0,0,0,0,0,0,0,0,0
A0A0N7KTM9_ORYSJ,0.377564508,-0.02515809,NP,NP,0.003385994,-0.107068933,NP,NP,0,0,0,0,0,0,1,0,1,0,0,0
A0A0P0UXP1_ORYSJ,0.320084831,-0.067185263,NP,NP,NP,NP,NP,NP,0,0,0,0,0,0,0,0,0,0,0,0
A0A0P0UXP2_ORYSJ,0.002976058,0.309638306,NP,NP,NP,NP,NP,NP,1,1,0,0,0,0,0,0,0,0,0,0
A0A0P0UXX1_ORYSJ,0.000101071,0.34527132,NP,NP,0.000125957,0.345511451,NP,NP,1,1,0,0,0,0,1,1,0,0,0,0
A0A0P0UZU8_ORYSJ,0.00185858,-0.268921516,NP,NP,NP,NP,NP,NP,1,0,1,0,0,0,0,0,0,0,0,0
A0A0P0V017_ORYSJ,2.27E-05,0.725802702,NP,NP,NP,NP,NP,NP,1,1,0,0,0,0,0,0,0,0,0,0
A0A0P0V0V2_ORYSJ,0.067532439,0.070848291,NP,NP,0.000368988,0.518176175,NP,NP,0,0,0,0,0,0,1,1,0,0,0,0
A0A0P0V132_ORYSJ,0.00712298,0.215669251,NP,NP,NP,NP,NP,NP,1,1,0,0,0,0,0,0,0,0,0,0
A0A0P0V1T8_ORYSJ,0.014109351,-0.123726512,0.193180378,0.086512333,0.000229498,0.952956038,0.126114722,-0.204336456,1,0,1,0,0,0,1,1,0,0,0,0
A0A0P0V2L8_ORYSJ,0.012027071,-0.132079482,0.031992028,-0.335497411,NP,NP,NP,NP,1,0,1,1,0,1,0,0,0,0,0,0
A0A0P0V3J9_ORYSJ,0.078759483,-0.116868321,0.195952981,0.12801212,NP,NP,NP,NP,0,0,0,0,0,0,0,0,0,0,0,0
A0A0P0V3S3_ORYSJ,0.45600827,0.00708407,NP,NP,0.479645045,0.002737117,NP,NP,0,0,0,0,0,0,0,0,0,0,0,0
A0A0P0V4C5_ORYSJ,0.00040659,0.487769169,0.033117454,-1.548208264,NP,NP,NP,NP,1,1,0,1,0,1,0,0,0,0,0,0
A0A0P0V6W6_ORYSJ,0.03158697,-0.174570576,NP,NP,0.018643987,0.21555253,0.103821761,-0.93606384,1,0,1,0,0,0,1,1,0,0,0,0
A0A0P0V732_ORYSJ,0.001026696,-0.633194436,0.001291551,1.672168049,NP,NP,NP,NP,1,0,1,1,1,0,0,0,0,0,0,0
A0A0P0V773_ORYSJ,5.11E-05,0.915283129,NP,NP,0.037748565,0.121702617,NP,NP,1,1,0,0,0,0,1,1,0,0,0,0
A0A0P0V7C3_ORYSJ,0.017280067,0.410717961,NP,NP,NP,NP,NP,NP,1,1,0,0,0,0,0,0,0,0,0,0
A0A0P0V8S3_ORYSJ,0.015677458,0.892420025,NP,NP,0.011791443,-1.109702295,NP,NP,1,1,0,0,0,0,1,0,1,0,0,0
A0A0P0VAV4_ORYSJ,0.000644174,0.206860814,NP,NP,NP,NP,NP,NP,1,1,0,0,0,0,0,0,0,0,0,0
A0A0P0VB46_ORYSJ,0.002101686,-0.185551004,0.158160047,-0.206496656,NP,NP,0.019939039,0.648870102,1,0,1,0,0,0,0,0,0,1,1,0
A0A0P0VBB9_ORYSJ,0.054313198,-0.091656509,NP,NP,0.098179772,-0.0622401,NP,NP,0,0,0,0,0,0,0,0,0,0,0,0
A0A0P0VC55_ORYSJ,0.005910878,0.415861722,NP,NP,3.84E-05,-0.868211508,NP,NP,1,1,0,0,0,0,1,0,1,0,0,0
A0A0P0VC79_ORYSJ,0.207060489,-0.040832959,0.013975899,-0.382085346,NP,NP,NP,NP,0,0,0,1,0,1,0,0,0,0,0,0
A0A0P0VCX2_ORYSJ,0.04176443,-0.165881292,NP,NP,0.036397336,0.158738415,NP,NP,1,0,1,0,0,0,1,1,0,0,0,0
A0A0P0VDU2_ORYSJ,0.011883624,-0.05390436,NP,NP,0.315398643,0.01310082,NP,NP,1,0,1,0,0,0,0,0,0,0,0,0
A0A0P0VDY1_ORYSJ,0.167967525,0.063494549,NP,NP,NP,NP,NP,NP,0,0,0,0,0,0,0,0,0,0,0,0
A0A0P0VE20_ORYSJ,0.004650429,-0.107845684,0.433712741,0.028176701,4.18E-06,0.450131374,0.431037957,0.053409551,1,0,1,0,0,0,1,1,0,0,0,0
A0A0P0VEA2_ORYSJ,0.007283407,-0.227460187,NP,NP,0.016207765,0.161814374,NP,NP,1,0,1,0,0,0,1,1,0,0,0,0
A0A0P0VEC8_ORYSJ,0.008552216,-0.112999471,NP,NP,NP,NP,NP,NP,1,0,1,0,0,0,0,0,0,0,0,0
A0A0P0VES7_ORYSJ,0.000313545,0.27245085,NP,NP,NP,NP,NP,NP,1,1,0,0,0,0,0,0,0,0,0,0
A0A0P0VEZ5_ORYSJ,0.011887834,0.081015969,0.015880835,1.347696624,4.50E-09,#NUM!,0.007095015,0.82687662,1,1,0,1,1,0,1,0,0,1,1,0
A0A0P0VF79_ORYSJ,0.002974042,-0.476333561,0.019497867,-0.281912683,NP,NP,NP,NP,1,0,1,1,0,1,0,0,0,0,0,0
A0A0P0VGX0_ORYSJ,0.265177715,-0.05763263,0.001171824,2.036077774,NP,NP,NP,NP,0,0,0,1,1,0,0,0,0,0,0,0
A0A0P0VHB7_ORYSJ,0.007441597,-0.157092392,0.113401582,-1.954379111,0.195999104,0.043237097,0.05925611,3.818899811,1,0,1,0,0,0,0,0,0,0,0,0
A0A0P0VJ24_ORYSJ,0.028868315,0.091998568,0.000402471,1.177833665,NP,NP,NP,NP,1,1,0,1,1,0,0,0,0,0,0,0
A0A0P0VJ82_ORYSJ,4.39E-05,0.072867851,0.013100005,0.405621095,0.120700827,0.046116845,NP,NP,1,1,0,1,1,0,0,0,0,0,0,0
A0A0P0VJD3_ORYSJ,0.256213133,0.040935279,NP,NP,0.000614585,-0.556462519,NP,NP,0,0,0,0,0,0,1,0,1,0,0,0
A0A0P0VJD7_ORYSJ,0.07459323,0.071436226,NP,NP,NP,NP,NP,NP,0,0,0,0,0,0,0,0,0,0,0,0
A0A0P0VJP8_ORYSJ,0.053093343,0.405705667,NP,NP,NP,NP,0.088639625,0.821121999,0,0,0,0,0,0,0,0,0,0,0,0
A0A0P0VK23_ORYSJ,0.001522413,-0.14332181,NP,NP,0.003951774,-0.134027228,NP,NP,1,0,1,0,0,0,1,0,1,0,0,0
A0A0P0VK52_ORYSJ,0.126457438,0.286951331,0.009880073,-0.430139374,NP,NP,NP,NP,0,0,0,1,0,1,0,0,0,0,0,0
A0A0P0VLP5_ORYSJ,0.002765472,-0.780036894,0.070722281,-1.045082379,NP,NP,NP,NP,1,0,1,0,0,0,0,0,0,0,0,0
A0A0P0VMH4_ORYSJ,0.04976358,0.367857645,0.084903543,-0.239278213,0.073777687,-0.272650707,NP,NP,1,1,0,0,0,0,0,0,0,0,0,0
A0A0P0VNM2_ORYSJ,0.302980368,0.116274831,0.005079658,-0.349549094,NP,NP,5.27E-05,0.286081136,0,0,0,1,0,1,0,0,0,1,1,0
A0A0P0VPB6_ORYSJ,0.011159122,-0.159038483,NP,NP,0.057885862,-0.042698563,NP,NP,1,0,1,0,0,0,0,0,0,0,0,0
A0A0P0VQK9_ORYSJ,0.007441597,-0.157092392,0.316821833,-0.060795615,NP,NP,NP,NP,1,0,1,0,0,0,0,0,0,0,0,0
A0A0P0VQX1_ORYSJ,0.098371996,-0.084167574,0.25303997,0.116867168,NP,NP,0.121360033,0.241173399,0,0,0,0,0,0,0,0,0,0,0,0
A0A0P0VR33_ORYSJ,0.002779933,-0.435513101,NP,NP,NP,NP,NP,NP,1,0,1,0,0,0,0,0,0,0,0,0
A0A0P0VRQ2_ORYSJ,0.005068427,-0.291574911,0.32531567,0.052972268,0.006623708,0.121997899,NP,NP,1,0,1,0,0,0,1,1,0,0,0,0
A0A0P0VRS2_ORYSJ,0.034627679,0.272337281,NP,NP,0.001526248,0.2831615,NP,NP,1,1,0,0,0,0,1,1,0,0,0,0
A0A0P0VRX5_ORYSJ,0.0627614,-0.141627509,NP,NP,NP,NP,NP,NP,0,0,0,0,0,0,0,0,0,0,0,0
A0A0P0VWD5_ORYSJ,0.43667269,0.008079936,NP,NP,0.003803027,-0.321751035,NP,NP,0,0,0,0,0,0,1,0,1,0,0,0
A0A0P0VWP6_ORYSJ,0.000631018,-0.17891642,NP,NP,NP,NP,NP,NP,1,0,1,0,0,0,0,0,0,0,0,0
A0A0P0W024_ORYSJ,0.148412785,0.150194068,0.11733816,-0.244665049,0.000169403,-0.342122572,NP,NP,0,0,0,0,0,0,1,0,1,0,0,0
A0A0P0W0P4_ORYSJ,0.263648274,-0.270357931,0.065482854,0.336331545,NP,NP,0.034568632,-0.171068012,0,0,0,0,0,0,0,0,0,1,0,1
A0A0P0W117_ORYSJ,0.008230114,-0.328567779,NP,NP,0.117584423,0.030711878,0.201375271,0.500897588,1,0,1,0,0,0,0,0,0,0,0,0
A0A0P0W1J8_ORYSJ,0.012575332,-0.267578534,NP,NP,0.473079525,0.076457062,NP,NP,1,0,1,0,0,0,0,0,0,0,0,0
A0A0P0W4X4_ORYSJ,0.008477235,0.108023449,NP,NP,NP,NP,NP,NP,1,1,0,0,0,0,0,0,0,0,0,0
A0A0P0W5T6_ORYSJ,0.05465886,-0.191490729,NP,NP,0.030862777,0.110284333,NP,NP,0,0,0,0,0,0,1,1,0,0,0,0
A0A0P0W6K8_ORYSJ,0.002643749,-0.236504585,NP,NP,NP,NP,NP,NP,1,0,1,0,0,0,0,0,0,0,0,0
A0A0P0W732_ORYSJ,0.001934361,-0.197173727,NP,NP,0.000583131,0.339714257,NP,NP,1,0,1,0,0,0,1,1,0,0,0,0
A0A0P0W8B1_ORYSJ,0.034627679,0.272337281,NP,NP,0.002643876,0.620800424,NP,NP,1,1,0,0,0,0,1,1,0,0,0,0
A0A0P0W8V3_ORYSJ,0.00013402,0.419830754,0.003187446,1.994137797,NP,NP,NP,NP,1,1,0,1,1,0,0,0,0,0,0,0
A0A0P0W8V5_ORYSJ,0.465373191,0.008019704,NP,NP,NP,NP,NP,NP,0,0,0,0,0,0,0,0,0,0,0,0
A0A0P0W929_ORYSJ,0.114801047,0.045367767,NP,NP,0.334572888,-0.018457975,NP,NP,0,0,0,0,0,0,0,0,0,0,0,0
A0A0P0W9J8_ORYSJ,0.003960853,-0.405093281,NP,NP,NP,NP,NP,NP,1,0,1,0,0,0,0,0,0,0,0,0
A0A0P0WA98_ORYSJ,0.012396475,-0.067818553,NP,NP,NP,NP,NP,NP,1,0,1,0,0,0,0,0,0,0,0,0
A0A0P0WAF3_ORYSJ,0.141705222,0.0703898,0.000734934,1.264899662,NP,NP,NP,NP,0,0,0,1,1,0,0,0,0,0,0,0
A0A0P0WAJ1_ORYSJ,0.015710358,-0.18436705,NP,NP,NP,NP,NP,NP,1,0,1,0,0,0,0,0,0,0,0,0
A0A0P0WAK8_ORYSJ,0.000144192,0.432645425,NP,NP,NP,NP,NP,NP,1,1,0,0,0,0,0,0,0,0,0,0
A0A0P0WAU5_ORYSJ,0.211279659,-0.035255311,NP,NP,NP,NP,NP,NP,0,0,0,0,0,0,0,0,0,0,0,0
A0A0P0WB81_ORYSJ,0.023101726,-0.066975226,0.230029592,0.078999412,0.013198447,0.131457836,NP,NP,1,0,1,0,0,0,1,1,0,0,0,0
A0A0P0WBD7_ORYSJ,0.464024174,-0.005388437,0.000728442,1.482634377,NP,NP,NP,NP,0,0,0,1,1,0,0,0,0,0,0,0
A0A0P0WC91_ORYSJ,0.166746988,0.214976631,0.028678993,-0.428708407,NP,NP,0.042920493,0.352486956,0,0,0,1,0,1,0,0,0,1,1,0
A0A0P0WCR2_ORYSJ,0.002974042,-0.476333561,NP,NP,0.135836812,0.088509195,NP,NP,1,0,1,0,0,0,0,0,0,0,0,0
A0A0P0WD03_ORYSJ,0.090398448,-0.187853891,0.372513978,0.033271928,NP,NP,NP,NP,0,0,0,0,0,0,0,0,0,0,0,0
A0A0P0WEV3_ORYSJ,0.030177071,0.142821066,NP,NP,NP,NP,NP,NP,1,1,0,0,0,0,0,0,0,0,0,0
A0A0P0WEZ7_ORYSJ,0.000109052,0.873006964,0.498413358,-0.000805785,NP,NP,NP,NP,1,1,0,0,0,0,0,0,0,0,0,0
A0A0P0WF83_ORYSJ,0.004793702,-0.144106154,0.01015123,-0.485706869,0.000733014,-0.334858942,NP,NP,1,0,1,1,0,1,1,0,1,0,0,0
A0A0P0WF90_ORYSJ,0.001178199,-0.423413393,NP,NP,NP,NP,NP,NP,1,0,1,0,0,0,0,0,0,0,0,0
A0A0P0WFB2_ORYSJ,0.460609882,0.010298315,NP,NP,NP,NP,NP,NP,0,0,0,0,0,0,0,0,0,0,0,0
A0A0P0WGA9_ORYSJ,0.101802303,0.047645608,0.063182514,0.288386517,NP,NP,NP,NP,0,0,0,0,0,0,0,0,0,0,0,0
A0A0P0WGC8_ORYSJ,0.087598926,-0.17756071,0.052452468,0.754914499,NP,NP,NP,NP,0,0,0,0,0,0,0,0,0,0,0,0
A0A0P0WGK9_ORYSJ,0.015180586,-0.124708161,0.159544399,0.098574831,0.113995499,0.032500503,0.127524919,-0.619044664,1,0,1,0,0,0,0,0,0,0,0,0
A0A0P0WH06_ORYSJ,0.102892944,0.086546717,NP,NP,0.000383983,0.479149241,NP,NP,0,0,0,0,0,0,1,1,0,0,0,0
A0A0P0WH74_ORYSJ,0.468386196,-0.002963564,NP,NP,0.002892389,0.142069782,NP,NP,0,0,0,0,0,0,1,1,0,0,0,0
A0A0P0WHC1_ORYSJ,0.010296319,0.127204162,0.018749568,0.532895437,NP,NP,NP,NP,1,1,0,1,1,0,0,0,0,0,0,0
A0A0P0WHD7_ORYSJ,0.004130659,-0.272164851,NP,NP,NP,NP,NP,NP,1,0,1,0,0,0,0,0,0,0,0,0
A0A0P0WHS6_ORYSJ,0.023978501,-0.177886882,NP,NP,NP,NP,NP,NP,1,0,1,0,0,0,0,0,0,0,0,0
A0A0P0WI29_ORYSJ,0.00309715,0.182004762,0.038710958,-0.251630421,NP,NP,NP,NP,1,1,0,1,0,1,0,0,0,0,0,0
A0A0P0WJK8_ORYSJ,1.84E-06,1.637416083,0.19671682,0.203983449,NP,NP,NP,NP,1,1,0,0,0,0,0,0,0,0,0,0
A0A0P0WLL0_ORYSJ,0.002643749,-0.236504585,0.223216471,0.079790148,NP,NP,NP,NP,1,0,1,0,0,0,0,0,0,0,0,0
A0A0P0WM11_ORYSJ,0.1145739,0.154443801,0.113888695,0.393522768,0.005437224,-0.356411491,NP,NP,0,0,0,0,0,0,1,0,1,0,0,0
A0A0P0WMK8_ORYSJ,0.010072708,0.076153661,0.016294955,-0.361707742,0.427963155,-0.005382353,0.129394869,0.093019161,1,1,0,1,0,1,0,0,0,0,0,0
A0A0P0WMV7_ORYSJ,0.000304251,-0.44185582,0.136086397,0.154848124,NP,NP,NP,NP,1,0,1,0,0,0,0,0,0,0,0,0
A0A0P0WN12_ORYSJ,0.004707188,-0.14830857,0.004604029,-0.402963301,NP,NP,NP,NP,1,0,1,1,0,1,0,0,0,0,0,0
A0A0P0WN33_ORYSJ,0.006733044,-0.298212953,NP,NP,NP,NP,NP,NP,1,0,1,0,0,0,0,0,0,0,0,0
A0A0P0WNF2_ORYSJ,0.011091524,0.195195508,NP,NP,NP,NP,NP,NP,1,1,0,0,0,0,0,0,0,0,0,0
A0A0P0WNR2_ORYSJ,0.001726526,-0.171792498,0.294374441,-0.059966275,NP,NP,NP,NP,1,0,1,0,0,0,0,0,0,0,0,0
A0A0P0WNS9_ORYSJ,0.036287796,0.223712458,0.000830103,1.496244665,NP,NP,NP,NP,1,1,0,1,1,0,0,0,0,0,0,0
A0A0P0WRF6_ORYSJ,0.088918615,-0.138212946,0.173810197,0.117371474,NP,NP,NP,NP,0,0,0,0,0,0,0,0,0,0,0,0
A0A0P0WRN7_ORYSJ,0.354047606,0.019560756,0.071618648,-0.246961138,NP,NP,NP,NP,0,0,0,0,0,0,0,0,0,0,0,0
A0A0P0WRU4_ORYSJ,0.000631018,-0.17891642,0.489273548,0.001640633,NP,NP,NP,NP,1,0,1,0,0,0,0,0,0,0,0,0
A0A0P0WSW9_ORYSJ,0.016598784,0.488805975,NP,NP,0.015627547,-0.847123258,NP,NP,1,1,0,0,0,0,1,0,1,0,0,0
A0A0P0WTF8_ORYSJ,0.071295903,0.188919902,0.287696404,0.080743824,NP,NP,NP,NP,0,0,0,0,0,0,0,0,0,0,0,0
A0A0P0WTW7_ORYSJ,0.107653786,-0.091060659,NP,NP,5.93E-05,0.916193278,NP,NP,0,0,0,0,0,0,1,1,0,0,0,0
A0A0P0WVK3_ORYSJ,0.149016992,-0.051037704,NP,NP,NP,NP,NP,NP,0,0,0,0,0,0,0,0,0,0,0,0
A0A0P0WVY5_ORYSJ,0.000643048,-0.409144669,0.027407728,-0.965346498,0.012422282,0.135391851,0.023348374,1.615121402,1,0,1,1,0,1,1,1,0,1,1,0
A0A0P0WWG4_ORYSJ,0.040715113,0.293039231,NP,NP,NP,NP,NP,NP,1,1,0,0,0,0,0,0,0,0,0,0
A0A0P0WXY9_ORYSJ,0.000152507,-0.575145496,0.28997934,0.096238001,0.021922634,0.177360303,NP,NP,1,0,1,0,0,0,1,1,0,0,0,0
A0A0P0WYL7_ORYSJ,0.004481061,-0.150456238,NP,NP,0.030770987,0.039400229,NP,NP,1,0,1,0,0,0,1,1,0,0,0,0
A0A0P0WZ32_ORYSJ,0.00474126,-0.309247846,0.252427321,0.097118508,NP,NP,NP,NP,1,0,1,0,0,0,0,0,0,0,0,0
A0A0P0WZD4_ORYSJ,0.001280053,0.599764196,0.049908785,0.233989199,0.446320637,0.003848939,7.02E-05,-1.219230085,1,1,0,1,1,0,0,0,0,1,0,1
A0A0P0WZH6_ORYSJ,0.015162909,-0.126136159,NP,NP,NP,NP,NP,NP,1,0,1,0,0,0,0,0,0,0,0,0
A0A0P0X0T9_ORYSJ,0.044609838,0.206549456,NP,NP,0.000864917,0.593140937,NP,NP,1,1,0,0,0,0,1,1,0,0,0,0
A0A0P0X1T3_ORYSJ,0.223200649,-0.033190801,0.000103394,0.83529546,NP,NP,NP,NP,0,0,0,1,1,0,0,0,0,0,0,0
A0A0P0X2M5_ORYSJ,0.001853371,-0.277649977,0.002729692,0.465252126,0.000934248,0.319551803,NP,NP,1,0,1,1,1,0,1,1,0,0,0,0
A0A0P0X339_ORYSJ,0.011059123,-0.1027315,NP,NP,0.173139467,0.024735645,0.012334367,0.176686644,1,0,1,0,0,0,0,0,0,1,1,0
A0A0P0X3D1_ORYSJ,0.021530011,-0.163162277,0.096395688,0.135536914,0.009526393,-0.346234987,NP,NP,1,0,1,0,0,0,1,0,1,0,0,0
A0A0P0X4T3_ORYSJ,0.093023452,0.118408879,NP,NP,9.69E-05,0.794291646,NP,NP,0,0,0,0,0,0,1,1,0,0,0,0
A0A0P0X7N0_ORYSJ,0.000362899,0.311793863,0.001150863,0.675994062,NP,NP,0.259938248,0.035509028,1,1,0,1,1,0,0,0,0,0,0,0
A0A0P0X8K8_ORYSJ,0.019015158,-0.20471746,0.000969603,0.90978492,0.255360718,0.030098744,0.018246609,-0.233534077,1,0,1,1,1,0,0,0,0,1,0,1
A0A0P0X951_ORYSJ,0.320084831,-0.067185263,0.358375697,-0.041219765,9.69E-05,0.794291646,0.001282289,1.77145352,0,0,0,0,0,0,1,1,0,1,1,0
A0A0P0XAD7_ORYSJ,0.003488534,0.209920012,0.003378289,0.550673482,0.002097552,-0.411595349,0.125654557,0.141776556,1,1,0,1,1,0,1,0,1,0,0,0
A0A0P0XAX7_ORYSJ,0.06215224,-0.313031957,0.000701774,3.144974691,NP,NP,NP,NP,0,0,0,1,1,0,0,0,0,0,0,0
A0A0P0XB84_ORYSJ,0.005778971,-0.265942329,NP,NP,0.000529045,-0.287574611,NP,NP,1,0,1,0,0,0,1,0,1,0,0,0
A0A0P0XBC7_ORYSJ,0.293270111,0.062282254,NP,NP,NP,NP,NP,NP,0,0,0,0,0,0,0,0,0,0,0,0
A0A0P0XBZ1_ORYSJ,0.240855333,0.128341086,NP,NP,0.331684727,-0.032934642,0.055962815,-0.277911469,0,0,0,0,0,0,0,0,0,0,0,0
A0A0P0XCQ3_ORYSJ,0.000846136,-0.400829791,0.002538972,-1.246521361,0.002584584,-0.818229114,0.151985036,-1.2106585,1,0,1,1,0,1,1,0,1,0,0,0
A0A0P0XCR4_ORYSJ,0.000287823,-0.416581614,NP,NP,0.018529469,0.15701099,NP,NP,1,0,1,0,0,0,1,1,0,0,0,0
A0A0P0XD22_ORYSJ,0.000302699,0.601661115,0.004396828,-0.346371495,NP,NP,0.046219573,0.111067907,1,1,0,1,0,1,0,0,0,1,1,0
A0A0P0XDF2_ORYSJ,0.404899145,0.024047382,NP,NP,NP,NP,NP,NP,0,0,0,0,0,0,0,0,0,0,0,0
A0A0P0XDF8_ORYSJ,0.001857528,-0.221811723,NP,NP,NP,NP,NP,NP,1,0,1,0,0,0,0,0,0,0,0,0
A0A0P0XEG3_ORYSJ,0.006291272,-0.156880122,0.010447708,-0.44628497,NP,NP,NP,NP,1,0,1,1,0,1,0,0,0,0,0,0
A0A0P0XGM3_ORYSJ,0.377564508,-0.02515809,NP,NP,3.24E-05,0.421912963,NP,NP,0,0,0,0,0,0,1,1,0,0,0,0
A0A0P0XI04_ORYSJ,0.010295874,-0.976089487,NP,NP,NP,NP,NP,NP,1,0,1,0,0,0,0,0,0,0,0,0
A0A0P0XI64_ORYSJ,0.016545659,0.460525579,NP,NP,0.007459763,-0.614473248,NP,NP,1,1,0,0,0,0,1,0,1,0,0,0
A0A0P0XIZ6_ORYSJ,0.004917864,-0.115201998,NP,NP,0.369626393,0.005622236,NP,NP,1,0,1,0,0,0,0,0,0,0,0,0
A0A0P0XJ67_ORYSJ,0.000121509,-0.412575013,0.026776159,0.273120083,NP,NP,NP,NP,1,0,1,1,1,0,0,0,0,0,0,0
A0A0P0XJS0_ORYSJ,0.200663024,-0.083509425,NP,NP,NP,NP,NP,NP,0,0,0,0,0,0,0,0,0,0,0,0
A0A0P0XK25_ORYSJ,0.000362899,0.311793863,NP,NP,0.34880293,0.015423397,NP,NP,1,1,0,0,0,0,0,0,0,0,0,0
A0A0P0XLE4_ORYSJ,0.000902417,-0.163558989,NP,NP,0.159452584,0.043950458,0.091127193,-0.516948752,1,0,1,0,0,0,0,0,0,0,0,0
A0A0P0XQP1_ORYSJ,0.000982096,-0.414834113,NP,NP,NP,NP,NP,NP,1,0,1,0,0,0,0,0,0,0,0,0
A0A0P0XQX9_ORYSJ,0.252083244,0.082745272,0.204679979,0.162907146,0.128564833,-0.076975921,0.304053178,-0.070291389,0,0,0,0,0,0,0,0,0,0,0,0
A0A0P0XQZ3_ORYSJ,0.460296865,0.007762836,NP,NP,NP,NP,NP,NP,0,0,0,0,0,0,0,0,0,0,0,0
A0A0P0XR07_ORYSJ,0.006352042,-0.321631245,0.002054316,0.443676141,NP,NP,NP,NP,1,0,1,1,1,0,0,0,0,0,0,0
A0A0P0XR78_ORYSJ,0.071295903,0.188919902,NP,NP,0.000551105,-0.38604291,NP,NP,0,0,0,0,0,0,1,0,1,0,0,0
A0A0P0XRB6_ORYSJ,0.211170742,0.15959891,0.264249477,0.260821175,NP,NP,NP,NP,0,0,0,0,0,0,0,0,0,0,0,0
A0A0P0XRC0_ORYSJ,0.004349908,0.166954458,NP,NP,0.032639415,-0.079205262,NP,NP,1,1,0,0,0,0,1,0,1,0,0,0
A0A0P0XRF4_ORYSJ,0.082117371,-0.118627569,0.017648547,0.47022131,NP,NP,NP,NP,0,0,0,1,1,0,0,0,0,0,0,0
A0A0P0XS32_ORYSJ,0.006682819,0.10192392,NP,NP,0.021369857,-0.089886961,NP,NP,1,1,0,0,0,0,1,0,1,0,0,0
A0A0P0XS42_ORYSJ,0.007441597,-0.157092392,NP,NP,0.235419486,0.035537578,NP,NP,1,0,1,0,0,0,0,0,0,0,0,0
A0A0P0XS84_ORYSJ,0.087598926,-0.17756071,NP,NP,NP,NP,NP,NP,0,0,0,0,0,0,0,0,0,0,0,0
A0A0P0XSI9_ORYSJ,0.012072296,0.518819765,NP,NP,NP,NP,NP,NP,1,1,0,0,0,0,0,0,0,0,0,0
A0A0P0XT80_ORYSJ,0.000608414,0.16013901,0.000599589,1.977857227,NP,NP,NP,NP,1,1,0,1,1,0,0,0,0,0,0,0
A0A0P0XTL3_ORYSJ,0.047173878,-0.099017622,NP,NP,0.006804722,-0.194536734,NP,NP,1,0,1,0,0,0,1,0,1,0,0,0
A0A0P0XUQ6_ORYSJ,0.000415092,-0.303780697,NP,NP,0.025053902,0.091522912,NP,NP,1,0,1,0,0,0,1,1,0,0,0,0
A0A0P0XUY0_ORYSJ,0.000445071,1.09158438,0.014183744,-0.258237811,NP,NP,NP,NP,1,1,0,1,0,1,0,0,0,0,0,0
A0A0P0XX00_ORYSJ,0.084268306,0.090037885,0.001398206,0.655166939,NP,NP,NP,NP,0,0,0,1,1,0,0,0,0,0,0,0
A0A0P0XZC3_ORYSJ,0.067097699,-0.069995588,0.078819557,-0.301955952,0.44235726,-0.013440874,NP,NP,0,0,0,0,0,0,0,0,0,0,0,0
A0A0P0Y0K5_ORYSJ,0.001575514,-0.625586896,0.000356593,-0.623625542,NP,NP,NP,NP,1,0,1,1,0,1,0,0,0,0,0,0
A0A0P0Y2E2_ORYSJ,0.004854219,0.308593882,NP,NP,NP,NP,NP,NP,1,1,0,0,0,0,0,0,0,0,0,0
A0A0P0Y2I0_ORYSJ,0.090398448,-0.187853891,NP,NP,NP,NP,NP,NP,0,0,0,0,0,0,0,0,0,0,0,0
A0A0P0Y2U4_ORYSJ,0.043331438,0.205275548,NP,NP,NP,NP,NP,NP,1,1,0,0,0,0,0,0,0,0,0,0
A0A0P0Y2X9_ORYSJ,0.012687777,-0.249932573,0.136821811,-0.197588322,0.343566961,0.022254072,NP,NP,1,0,1,0,0,0,0,0,0,0,0,0
A0A0P0Y2Z8_ORYSJ,0.000204057,-0.31110338,NP,NP,NP,NP,NP,NP,1,0,1,0,0,0,0,0,0,0,0,0
A0A0P0Y344_ORYSJ,0.000448485,0.35271963,0.014496412,2.008142551,NP,NP,NP,NP,1,1,0,1,1,0,0,0,0,0,0,0
A0A0P0Y3F3_ORYSJ,0.295502949,-0.023261697,NP,NP,0.000542033,-0.211779405,NP,NP,0,0,0,0,0,0,1,0,1,0,0,0
A0A0P0Y3G6_ORYSJ,0.198021111,-0.042225048,0.001306794,-0.637644488,0.013630796,-0.095681487,0.202795643,-0.098364462,0,0,0,1,0,1,1,0,1,0,0,0
A0A0P0Y3K9_ORYSJ,0.090398448,-0.187853891,NP,NP,NP,NP,NP,NP,0,0,0,0,0,0,0,0,0,0,0,0
A0A0P0Y4Z1_ORYSJ,0.000569005,-0.211277438,NP,NP,NP,NP,NP,NP,1,0,1,0,0,0,0,0,0,0,0,0
A0A0P0Y503_ORYSJ,0.000232087,0.23438335,NP,NP,NP,NP,NP,NP,1,1,0,0,0,0,0,0,0,0,0,0
A0A0P0Y5B0_ORYSJ,0.076322087,0.321030453,NP,NP,0.059767827,-0.310996487,NP,NP,0,0,0,0,0,0,0,0,0,0,0,0
A0A0P0Y5Z4_ORYSJ,0.153741898,-0.078738218,NP,NP,0.001466853,-0.292801844,0.04598105,0.173330201,0,0,0,0,0,0,1,0,1,1,1,0
A0A0P0Y6F9_ORYSJ,0.040666433,-0.068765251,NP,NP,NP,NP,NP,NP,1,0,1,0,0,0,0,0,0,0,0,0
A0A0P0Y804_ORYSJ,0.000644174,0.206860814,NP,NP,NP,NP,NP,NP,1,1,0,0,0,0,0,0,0,0,0,0
A0A0P0Y837_ORYSJ,0.002652911,0.197752269,0.075808034,-0.200108437,NP,NP,NP,NP,1,1,0,0,0,0,0,0,0,0,0,0
A0A0P0Y873_ORYSJ,0.168059971,0.106022358,NP,NP,0.00069352,0.699838387,NP,NP,0,0,0,0,0,0,1,1,0,0,0,0
A0A0P0Y8Q9_ORYSJ,0.001648705,0.366477316,NP,NP,NP,NP,NP,NP,1,1,0,0,0,0,0,0,0,0,0,0
A0A0P0Y9P0_ORYSJ,0.330669616,-0.038846658,NP,NP,NP,NP,NP,NP,0,0,0,0,0,0,0,0,0,0,0,0
A0A0P0Y9Z1_ORYSJ,0.020113426,0.130999374,0.01322518,0.310073438,NP,NP,NP,NP,1,1,0,1,1,0,0,0,0,0,0,0
A0A0P0YAY3_ORYSJ,0.000260579,0.201775616,NP,NP,NP,NP,NP,NP,1,1,0,0,0,0,0,0,0,0,0,0
A0A0P0YBH2_ORYSJ,0.002643749,-0.236504585,0.223216471,0.079790148,NP,NP,NP,NP,1,0,1,0,0,0,0,0,0,0,0,0
A0A0P0YBJ3_ORYSJ,0.127800891,0.097903377,NP,NP,NP,NP,NP,NP,0,0,0,0,0,0,0,0,0,0,0,0
A0A0P0YBS5_ORYSJ,0.48660143,0.001197947,NP,NP,0.448225612,-0.006580877,NP,NP,0,0,0,0,0,0,0,0,0,0,0,0
A0A0P0YBU6_ORYSJ,0.00094513,-0.281010898,0.251689619,-0.100075459,NP,NP,NP,NP,1,0,1,0,0,0,0,0,0,0,0,0
A0A0P0YC15_ORYSJ,0.324367012,0.014985345,0.108851808,0.172081716,0.000543715,-0.377691964,0.060453804,0.506857418,0,0,0,0,0,0,1,0,1,0,0,0
A0A0P0YE31_ORYSJ,0.370200248,0.019877886,0.194341393,0.088238865,NP,NP,NP,NP,0,0,0,0,0,0,0,0,0,0,0,0
A0A5S6RB50_ORYSJ,0.077436635,-0.124563298,NP,NP,NP,NP,NP,NP,0,0,0,0,0,0,0,0,0,0,0,0
A1IGU8_ORYSJ,0.006950996,-0.756454517,NP,NP,0.226061491,0.080750224,NP,NP,1,0,1,0,0,0,0,0,0,0,0,0
A2ZPF1_ORYSJ,0.000721541,-0.458396864,NP,NP,0.000858966,0.381233337,NP,NP,1,0,1,0,0,0,1,1,0,0,0,0
A2ZT20_ORYSJ,0.089602012,-0.181603677,0.177155308,-0.466340431,NP,NP,NP,NP,0,0,0,0,0,0,0,0,0,0,0,0
A2ZU74_ORYSJ,0.034627679,0.272337281,0.001003941,1.847960625,NP,NP,NP,NP,1,1,0,1,1,0,0,0,0,0,0,0
A2ZV43_ORYSJ,0.090398448,-0.187853891,NP,NP,0.038227523,-0.213618841,NP,NP,0,0,0,0,0,0,1,0,1,0,0,0
A3AIV0_ORYSJ,0.149093358,0.182559811,0.064854303,0.113599264,0.471049501,0.014236915,0.023684505,0.351525174,0,0,0,0,0,0,0,0,0,1,1,0
A3BAV3_ORYSJ,0.000101818,-0.136822493,0.472320469,-0.003143427,0.086973989,-0.04725233,NP,NP,1,0,1,0,0,0,0,0,0,0,0,0
A3BQI0_ORYSJ,0.045102148,0.20876605,NP,NP,NP,NP,NP,NP,1,1,0,0,0,0,0,0,0,0,0,0
A3BYB2_ORYSJ,0.002101686,-0.185551004,NP,NP,NP,NP,NP,NP,1,0,1,0,0,0,0,0,0,0,0,0
A3BZ14_ORYSJ,0.0627614,-0.141627509,NP,NP,NP,NP,NP,NP,0,0,0,0,0,0,0,0,0,0,0,0
AAH_ORYSJ,0.007417706,-0.131239572,0.075976635,0.231568331,NP,NP,NP,NP,1,0,1,0,0,0,0,0,0,0,0,0
AB49G_ORYSJ,0.094122122,0.284084376,0.461996107,-0.073165922,NP,NP,NP,NP,0,0,0,0,0,0,0,0,0,0,0,0
AB50G_ORYSJ,0.284677619,-0.037177742,NP,NP,0.007190167,0.317619503,0.07398466,-0.12003924,0,0,0,0,0,0,1,1,0,0,0,0
ACA10_ORYSJ,0.015710358,-0.18436705,NP,NP,0.000857207,-0.329087859,0.396597627,0.046901495,1,0,1,0,0,0,1,0,1,0,0,0
ACA3_ORYSJ,0.076055432,-0.149738851,0.099710347,-0.571104669,0.006934998,0.201099853,NP,NP,0,0,0,0,0,0,1,1,0,0,0,0
ACA9_ORYSJ,0.002974042,-0.476333561,NP,NP,NP,NP,NP,NP,1,0,1,0,0,0,0,0,0,0,0,0
ACBP6_ORYSJ,0.017280067,0.410717961,NP,NP,NP,NP,NP,NP,1,1,0,0,0,0,0,0,0,0,0,0
AGO1C_ORYSJ,0.025007272,-0.076742008,NP,NP,NP,NP,NP,NP,1,0,1,0,0,0,0,0,0,0,0,0
ALDO2_ORYSJ,0.000302699,0.601661115,0.232992444,0.174053548,0.000446326,-3.360260103,0.093250271,-0.33585202,1,1,0,0,0,0,1,0,1,0,0,0
ALDO4_ORYSJ,0.000147063,-0.461647126,0.087210349,0.131857041,NP,NP,0.392027652,0.107171128,1,0,1,0,0,0,0,0,0,0,0,0
ALFL1_ORYSJ,0.273658561,-0.018553745,NP,NP,NP,NP,NP,NP,0,0,0,0,0,0,0,0,0,0,0,0
ALFL6_ORYSJ,0.000229937,-0.367934212,NP,NP,NP,NP,NP,NP,1,0,1,0,0,0,0,0,0,0,0,0
ARFS_ORYSJ,0.219359139,-0.073412743,NP,NP,0.001247252,-0.265668365,NP,NP,0,0,0,0,0,0,1,0,1,0,0,0
ARFT_ORYSJ,0.003499194,0.18004474,0.003609132,0.636547057,NP,NP,NP,NP,1,1,0,1,1,0,0,0,0,0,0,0
B7ECH1_ORYSJ,0.202927025,0.240663334,NP,NP,NP,NP,NP,NP,0,0,0,0,0,0,0,0,0,0,0,0
B7EW17_ORYSJ,0.242750023,0.202351658,NP,NP,0.124715813,-0.205685091,NP,NP,0,0,0,0,0,0,0,0,0,0,0,0
B7F891_ORYSJ,0.246696156,-0.056317002,NP,NP,NP,NP,NP,NP,0,0,0,0,0,0,0,0,0,0,0,0
B7F8F6_ORYSJ,0.365523099,-0.016987255,NP,NP,NP,NP,NP,NP,0,0,0,0,0,0,0,0,0,0,0,0
B7FA89_ORYSJ,0.089602012,-0.181603677,NP,NP,NP,NP,NP,NP,0,0,0,0,0,0,0,0,0,0,0,0
B9ETC4_ORYSJ,0.002103639,0.846461156,NP,NP,0.343924124,0.023901351,0.226539922,0.097319007,1,1,0,0,0,0,0,0,0,0,0,0
B9EUL8_ORYSJ,0.002533563,-0.132675838,0.107630609,-0.177235556,0.163100853,0.046351845,0.323300387,0.042211442,1,0,1,0,0,0,0,0,0,0,0,0
B9F3N3_ORYSJ,0.305711635,0.031583603,NP,NP,NP,NP,NP,NP,0,0,0,0,0,0,0,0,0,0,0,0
B9FBF8_ORYSJ,0.000600158,0.574030245,NP,NP,1.85E-05,-0.992839644,NP,NP,1,1,0,0,0,0,1,0,1,0,0,0
B9FG16_ORYSJ,0.056733073,-0.054846941,NP,NP,NP,NP,NP,NP,0,0,0,0,0,0,0,0,0,0,0,0
B9FM60_ORYSJ,0.00154911,0.584874546,0.075219161,0.30471693,NP,NP,NP,NP,1,1,0,0,0,0,0,0,0,0,0,0
B9FNL7_ORYSJ,0.000218901,-0.243962406,NP,NP,NP,NP,NP,NP,1,0,1,0,0,0,0,0,0,0,0,0
B9FP84_ORYSJ,0.002974042,-0.476333561,0.187509227,0.064959945,NP,NP,NP,NP,1,0,1,0,0,0,0,0,0,0,0,0
B9FZ43_ORYSJ,0.000446544,0.270377962,0.002325741,1.986092707,0.000148917,-0.454390292,0.011159322,-0.668075174,1,1,0,1,1,0,1,0,1,1,0,1
B9G3Q7_ORYSJ,0.444014253,-0.022701494,NP,NP,NP,NP,NP,NP,0,0,0,0,0,0,0,0,0,0,0,0
B9G4B3_ORYSJ,0.001054836,-0.506094627,0.001291551,1.672168049,NP,NP,NP,NP,1,0,1,1,1,0,0,0,0,0,0,0
B9G7D2_ORYSJ,0.021261126,0.784829605,NP,NP,0.010669721,-1.339539031,NP,NP,1,1,0,0,0,0,1,0,1,0,0,0
B9G7D8_ORYSJ,0.031522005,-0.152421322,0.19086201,-0.217708017,NP,NP,NP,NP,1,0,1,0,0,0,0,0,0,0,0,0
B9GEE1_ORYSJ,0.015472596,-0.180533033,0.305541675,0.055354143,0.012929337,0.045697011,NP,NP,1,0,1,0,0,0,1,1,0,0,0,0
BGA12_ORYSJ,0.000533149,-0.297136393,0.12732665,0.189671659,5.70E-05,0.491956709,NP,NP,1,0,1,0,0,0,1,1,0,0,0,0
BGL22_ORYSJ,0.004822575,0.248504852,6.01E-05,1.174472029,NP,NP,NP,NP,1,1,0,1,1,0,0,0,0,0,0,0
BRL3_ORYSJ,0.014985883,-0.115204964,NP,NP,0.00397484,-0.160955511,NP,NP,1,0,1,0,0,0,1,0,1,0,0,0
C3H45_ORYSJ,8.34E-05,0.948648828,0.163646812,-0.19001959,NP,NP,NP,NP,1,1,0,0,0,0,0,0,0,0,0,0
C3H53_ORYSJ,0.019619082,0.679212356,NP,NP,NP,NP,NP,NP,1,1,0,0,0,0,0,0,0,0,0,0
C3H57_ORYSJ,0.012400959,-0.269199155,0.019407997,0.652216648,NP,NP,NP,NP,1,0,1,1,1,0,0,0,0,0,0,0
C7IXA6_ORYSJ,0.018143627,0.31103406,0.026875624,0.756310336,0.055370371,-0.501325077,NP,NP,1,1,0,1,1,0,0,0,0,0,0,0
C7J2W6_ORYSJ,0.00243409,0.288059855,NP,NP,0.015843724,-0.10965744,NP,NP,1,1,0,0,0,0,1,0,1,0,0,0
C7J9W4_ORYSJ,0.001726526,-0.171792498,NP,NP,NP,NP,NP,NP,1,0,1,0,0,0,0,0,0,0,0,0
CACLC_ORYSJ,0.041802838,-0.140894307,0.014392763,0.560234034,1.41E-05,0.470847968,NP,NP,1,0,1,1,1,0,1,1,0,0,0,0
CDPKA_ORYSJ,0.003214506,0.251412865,NP,NP,0.344724495,0.034726103,NP,NP,1,1,0,0,0,0,0,0,0,0,0,0
CDPKM_ORYSJ,0.004854219,0.308593882,0.001298959,1.061668038,NP,NP,NP,NP,1,1,0,1,1,0,0,0,0,0,0,0
CESA1_ORYSJ,0.01345717,0.595379746,0.020519416,-2.214435988,NP,NP,NP,NP,1,1,0,1,0,1,0,0,0,0,0,0
CESA3_ORYSJ,0.478136646,-0.00187663,0.170449257,0.196235992,NP,NP,NP,NP,0,0,0,0,0,0,0,0,0,0,0,0
CESA4_ORYSJ,0.378680197,-0.034850605,0.270061746,1.730774572,0.228021407,0.115778653,NP,NP,0,0,0,0,0,0,0,0,0,0,0,0
CESA7_ORYSJ,0.371507333,-0.016522556,0.347178596,0.304391277,NP,NP,0.372835343,0.124117245,0,0,0,0,0,0,0,0,0,0,0,0
CHLH_ORYSJ,1.60E-05,1.583195292,0.263975353,-0.08592622,NP,NP,NP,NP,1,1,0,0,0,0,0,0,0,0,0,0
CIPKL_ORYSJ,6.61E-06,1.384981352,0.001576733,0.596103218,NP,NP,NP,NP,1,1,0,1,1,0,0,0,0,0,0,0
CLF_ORYSJ,0.020880829,-0.09111976,0.004238945,1.583030146,NP,NP,NP,NP,1,0,1,1,1,0,0,0,0,0,0,0
CLH1_ORYSJ,0.245725096,-0.022797038,NP,NP,NP,NP,NP,NP,0,0,0,0,0,0,0,0,0,0,0,0
COPG2_ORYSJ,0.483217348,-0.008561226,0.202390599,-0.083374987,NP,NP,0.042991361,-0.446947661,0,0,0,0,0,0,0,0,0,1,0,1
CSB_ORYSJ,0.023781344,0.129133948,0.099676733,0.268974453,NP,NP,0.081154988,-0.268220259,1,1,0,0,0,0,0,0,0,0,0,0
CSLC1_ORYSJ,0.002230012,-0.299887906,NP,NP,NP,NP,NP,NP,1,0,1,0,0,0,0,0,0,0,0,0
CSLC2_ORYSJ,0.184788397,-0.069802117,NP,NP,NP,NP,NP,NP,0,0,0,0,0,0,0,0,0,0,0,0
CSLCA_ORYSJ,0.000600158,0.574030245,NP,NP,NP,NP,NP,NP,1,1,0,0,0,0,0,0,0,0,0,0
CSLD2_ORYSJ,0.084055701,0.055698782,0.293371861,0.188334441,NP,NP,NP,NP,0,0,0,0,0,0,0,0,0,0,0,0
CSLD3_ORYSJ,0.100059804,-0.033025841,NP,NP,0.000180585,-0.199180562,0.22416979,-0.616798878,0,0,0,0,0,0,1,0,1,0,0,0
CSLF8_ORYSJ,0.320084831,-0.067185263,NP,NP,0.480408993,0.006335857,NP,NP,0,0,0,0,0,0,0,0,0,0,0,0
D53_ORYSJ,0.465546156,0.021480692,NP,NP,NP,NP,NP,NP,0,0,0,0,0,0,0,0,0,0,0,0
DCL1_ORYSJ,0.13311372,-0.125899609,0.398160291,0.039368239,0.054364106,-0.194126698,0.330348377,0.168809759,0,0,0,0,0,0,0,0,0,0,0,0
DCYD2_ORYSJ,0.008477235,0.108023449,0.016462183,0.230709745,NP,NP,NP,NP,1,1,0,1,1,0,0,0,0,0,0,0
DEK1_ORYSJ,0.000113315,-0.858225768,NP,NP,0.122586965,-0.10605207,0.221789186,0.11188459,1,0,1,0,0,0,0,0,0,0,0,0
DNM1A_ORYSJ,0.00754324,0.192759696,0.263060314,-0.331808996,NP,NP,NP,NP,1,1,0,0,0,0,0,0,0,0,0,0
DNM1B_ORYSJ,0.082055288,-0.147365127,0.003254384,2.320853156,NP,NP,NP,NP,0,0,0,1,1,0,0,0,0,0,0,0
DPOD1_ORYSJ,0.465373191,0.008019704,NP,NP,NP,NP,NP,NP,0,0,0,0,0,0,0,0,0,0,0,0
DUS3L_ORYSJ,0.010916846,0.123021123,NP,NP,NP,NP,NP,NP,1,1,0,0,0,0,0,0,0,0,0,0
EIN2_ORYSJ,0.046069978,0.252449696,NP,NP,NP,NP,NP,NP,1,1,0,0,0,0,0,0,0,0,0,0
ELP3_ORYSJ,0.007042838,-0.148170648,0.303319015,-0.068186447,0.12890655,0.058110255,NP,NP,1,0,1,0,0,0,0,0,0,0,0,0
ETR3_ORYSJ,0.09448917,0.054604792,NP,NP,0.040140314,-0.078224701,NP,NP,0,0,0,0,0,0,1,0,1,0,0,0
EXEC2_ORYSJ,2.25E-05,1.588343742,0.349330873,0.043983443,3.59E-06,-1.341983288,0.016279961,-0.647958558,1,1,0,0,0,0,1,0,1,1,0,1
FH10_ORYSJ,0.018484966,1.117229942,NP,NP,0.008983786,-1.32761066,0.112865045,0.38942819,1,1,0,0,0,0,1,0,1,0,0,0
FH7_ORYSJ,0.00105626,0.438791211,0.302980274,0.227694245,NP,NP,NP,NP,1,1,0,0,0,0,0,0,0,0,0,0
FL_ORYSJ,0.001138789,-0.384967168,NP,NP,NP,NP,NP,NP,1,0,1,0,0,0,0,0,0,0,0,0
GHD7_ORYSJ,0.024393869,-0.519625179,NP,NP,NP,NP,NP,NP,1,0,1,0,0,0,0,0,0,0,0,0
GLT1_ORYSJ,0.12515142,0.211451567,NP,NP,0.018177416,-0.188983001,NP,NP,0,0,0,0,0,0,1,0,1,0,0,0
GT43E_ORYSJ,0.025872094,0.145744515,0.00115493,1.01506357,NP,NP,NP,NP,1,1,0,1,1,0,0,0,0,0,0,0
HAZ1_ORYSJ,0.00351393,0.487228502,0.003025428,-0.440342467,NP,NP,0.215592088,0.167431548,1,1,0,1,0,1,0,0,0,0,0,0
HFB2A_ORYSJ,0.2436277,0.115105298,0.185946582,-0.704381405,NP,NP,NP,NP,0,0,0,0,0,0,0,0,0,0,0,0
HIP1_ORYSJ,0.465373191,0.008019704,NP,NP,NP,NP,NP,NP,0,0,0,0,0,0,0,0,0,0,0,0
HKT13_ORYSJ,0.036486386,-0.465295959,NP,NP,0.000535066,1.805870468,NP,NP,1,0,1,0,0,0,1,1,0,0,0,0
HMA3_ORYSJ,0.004057734,0.449738547,NP,NP,0.014156582,0.044846949,0.208631752,-0.409593056,1,1,0,0,0,0,1,1,0,0,0,0
HPT1_ORYSJ,0.077411032,0.158263473,NP,NP,0.003911721,0.106059214,NP,NP,0,0,0,0,0,0,1,1,0,0,0,0
IAA7_ORYSJ,0.403647627,0.015848859,NP,NP,0.003829657,0.261576855,NP,NP,0,0,0,0,0,0,1,1,0,0,0,0
ILV5_ORYSJ,2.47E-05,0.318833552,NP,NP,0.000422671,-0.187964204,NP,NP,1,1,0,0,0,0,1,0,1,0,0,0
JM703_ORYSJ,0.004429755,-0.180767818,NP,NP,0.019490855,0.104754374,NP,NP,1,0,1,0,0,0,1,1,0,0,0,0
JM706_ORYSJ,0.005778971,-0.265942329,NP,NP,0.344004685,-0.183351119,NP,NP,1,0,1,0,0,0,0,0,0,0,0,0
KN12C_ORYSJ,0.019987886,-0.093448548,NP,NP,NP,NP,NP,NP,1,0,1,0,0,0,0,0,0,0,0,0
KN12E_ORYSJ,0.055325281,0.15448238,NP,NP,6.62E-05,0.89698015,NP,NP,0,0,0,0,0,0,1,1,0,0,0,0
KN14G_ORYSJ,0.165138746,0.098443508,NP,NP,0.378123108,-0.025605732,NP,NP,0,0,0,0,0,0,0,0,0,0,0,0
KN14M_ORYSJ,0.015603338,-0.179863225,NP,NP,0.014049267,0.044450065,NP,NP,1,0,1,0,0,0,1,1,0,0,0,0
KN4A_ORYSJ,0.047173878,-0.099017622,NP,NP,NP,NP,NP,NP,1,0,1,0,0,0,0,0,0,0,0,0
KN4C_ORYSJ,0.003499194,0.18004474,0.003577002,0.587858226,NP,NP,NP,NP,1,1,0,1,1,0,0,0,0,0,0,0
KN7B_ORYSJ,0.461182949,-0.006144692,NP,NP,NP,NP,NP,NP,0,0,0,0,0,0,0,0,0,0,0,0
KN7F_ORYSJ,0.013373137,1.145685768,NP,NP,0.003759249,-1.257105147,NP,NP,1,1,0,0,0,0,1,0,1,0,0,0
KOR1_ORYSJ,0.311867114,0.022220136,NP,NP,0.142737917,-0.048137384,NP,NP,0,0,0,0,0,0,0,0,0,0,0,0
KSL10_ORYSJ,0.32175697,0.029873451,NP,NP,NP,NP,NP,NP,0,0,0,0,0,0,0,0,0,0,0,0
LG2_ORYSJ,0.009357608,-0.35364601,NP,NP,NP,NP,NP,NP,1,0,1,0,0,0,0,0,0,0,0,0
LONM_ORYSJ,0.02995048,-0.055972917,0.005825118,0.230993272,0.00130408,0.172121009,NP,NP,1,0,1,1,1,0,1,1,0,0,0,0
LOX1_ORYSJ,0.000982096,-0.414834113,NP,NP,0.116480736,-0.033627568,NP,NP,1,0,1,0,0,0,0,0,0,0,0,0
LOXC2_ORYSJ,0.000410724,0.290494728,0.007249424,0.314431634,NP,NP,NP,NP,1,1,0,1,1,0,0,0,0,0,0,0
LRSK7_ORYSJ,0.008931263,1.170405497,0.127825113,0.54287663,NP,NP,NP,NP,1,1,0,0,0,0,0,0,0,0,0,0
MCM7_ORYSJ,0.001059625,-0.197453347,0.003748282,0.402274112,NP,NP,0.170144333,0.441349059,1,0,1,1,1,0,0,0,0,0,0,0
MOR1_ORYSJ,0.006808094,-0.06756624,0.003034463,-1.912907517,0.001070646,0.244735165,0.111483893,0.123775325,1,0,1,1,0,1,1,1,0,0,0,0
NCPR3_ORYSJ,0.00154911,0.584874546,NP,NP,0.001695217,-0.378113575,NP,NP,1,1,0,0,0,0,1,0,1,0,0,0
NIP14_ORYSJ,0.016093597,0.063541731,0.123380039,0.13351568,NP,NP,NP,NP,1,1,0,0,0,0,0,0,0,0,0,0
NLT2B_ORYSJ,0.441052229,0.009475198,0.000943882,1.635252545,NP,NP,NP,NP,0,0,0,1,1,0,0,0,0,0,0,0
NOC2L_ORYSJ,0.040082316,-0.065513317,NP,NP,NP,NP,NP,NP,1,0,1,0,0,0,0,0,0,0,0,0
NPR4_ORYSJ,2.08E-05,0.867465094,NP,NP,0.28415294,0.023879909,NP,NP,1,1,0,0,0,0,0,0,0,0,0,0
NTM1_ORYSJ,0.000381261,-0.201015681,NP,NP,NP,NP,NP,NP,1,0,1,0,0,0,0,0,0,0,0,0
NUCL1_ORYSJ,0.005533659,0.495389423,0.000298833,-0.596992595,NP,NP,NP,NP,1,1,0,1,0,1,0,0,0,0,0,0
NUCL2_ORYSJ,0.00213823,0.164570575,0.023462514,-0.3116917,0.000463017,-0.226875503,NP,NP,1,1,0,1,0,1,1,0,1,0,0,0
ORC1_ORYSJ,0.011285219,-0.069098694,NP,NP,NP,NP,NP,NP,1,0,1,0,0,0,0,0,0,0,0,0
OSR8_ORYSJ,0.010820009,-0.37983433,NP,NP,0.000894783,0.3515777,NP,NP,1,0,1,0,0,0,1,1,0,0,0,0
PHO12_ORYSJ,0.32175697,0.029873451,NP,NP,NP,NP,NP,NP,0,0,0,0,0,0,0,0,0,0,0,0
PHOT2_ORYSJ,0.011618693,0.36094574,0.001180357,-0.364096333,NP,NP,0.00620819,0.168053363,1,1,0,1,0,1,0,0,0,1,1,0
PIK6_ORYSJ,0.004282548,-1.267077168,0.000337194,-2.247838706,0.0001579,-4.540482963,0.120129461,0.124275443,1,0,1,1,0,1,1,0,1,0,0,0
PNP1_ORYSJ,0.006852718,-0.24632334,NP,NP,0.001054832,-0.251813067,0.248075555,0.096476544,1,0,1,0,0,0,1,0,1,0,0,0
POLIB_ORYSJ,0.015377586,-0.318151399,0.001618471,1.461109924,NP,NP,NP,NP,1,0,1,1,1,0,0,0,0,0,0,0
PRR73_ORYSJ,0.012281087,0.166150079,0.034848483,0.265776764,NP,NP,NP,NP,1,1,0,1,1,0,0,0,0,0,0,0
PSS3_ORYSJ,0.000362899,0.311793863,NP,NP,NP,NP,NP,NP,1,1,0,0,0,0,0,0,0,0,0,0
PTA12_ORYSJ,0.000232087,0.23438335,NP,NP,NP,NP,NP,NP,1,1,0,0,0,0,0,0,0,0,0,0
PWD_ORYSJ,0.071876453,0.070989392,0.000198563,-1.685014743,NP,NP,NP,NP,0,0,0,1,0,1,0,0,0,0,0,0
PXG_ORYSJ,0.093023452,0.118408879,NP,NP,0.000211392,0.717435785,NP,NP,0,0,0,0,0,0,1,1,0,0,0,0
Q05KP6_ORYSJ,0.308369272,0.020288309,NP,NP,0.46790938,0.04341197,NP,NP,0,0,0,0,0,0,0,0,0,0,0,0
Q0D3C5_ORYSJ,0.264059261,-0.038270547,0.210201532,0.240872181,0.00179152,-0.334416888,NP,NP,0,0,0,0,0,0,1,0,1,0,0,0
Q0D412_ORYSJ,0.004887376,0.125520536,0.027825876,0.083465512,0.001586176,-0.171632803,0.327356627,-0.098613414,1,1,0,1,1,0,1,0,1,0,0,0
Q0D429_ORYSJ,9.07E-05,0.351240354,NP,NP,0.095347018,-0.044492392,NP,NP,1,1,0,0,0,0,0,0,0,0,0,0
Q0D624_ORYSJ,0.000436536,-0.370909291,0.102905746,0.323425346,NP,NP,NP,NP,1,0,1,0,0,0,0,0,0,0,0,0
Q0D674_ORYSJ,0.00513218,0.199766627,NP,NP,NP,NP,NP,NP,1,1,0,0,0,0,0,0,0,0,0,0
Q0D9Q1_ORYSJ,0.000263887,0.850039653,NP,NP,3.37E-06,-1.196850713,NP,NP,1,1,0,0,0,0,1,0,1,0,0,0
Q0DCE3_ORYSJ,0.000587571,0.32461129,NP,NP,0.000463017,-0.226875503,NP,NP,1,1,0,0,0,0,1,0,1,0,0,0
Q0DH82_ORYSJ,0.135142914,0.059952021,0.131184486,-0.397420418,NP,NP,NP,NP,0,0,0,0,0,0,0,0,0,0,0,0
Q0DIL4_ORYSJ,0.223200649,-0.033190801,8.03E-05,0.922100644,NP,NP,NP,NP,0,0,0,1,1,0,0,0,0,0,0,0
Q0DL24_ORYSJ,0.00049629,-0.38861868,0.239104055,0.134031455,0.0144358,-0.088937593,NP,NP,1,0,1,0,0,0,1,0,1,0,0,0
Q0DLA4_ORYSJ,6.65E-05,-0.37601341,0.088446399,-0.109362006,NP,NP,NP,NP,1,0,1,0,0,0,0,0,0,0,0,0
Q0DNN7_ORYSJ,0.31792101,-0.028657996,NP,NP,0.001683313,0.179069524,NP,NP,0,0,0,0,0,0,1,1,0,0,0,0
Q0DS53_ORYSJ,0.000393631,-0.38156331,0.169841655,0.050113646,0.324126654,0.023201687,NP,NP,1,0,1,0,0,0,0,0,0,0,0,0
Q0DTW2_ORYSJ,0.034627679,0.272337281,0.000816449,1.215607012,NP,NP,NP,NP,1,1,0,1,1,0,0,0,0,0,0,0
Q0E2T9_ORYSJ,0.014459238,0.301502975,0.013053632,0.88126389,0.172928546,-0.138184815,NP,NP,1,1,0,1,1,0,0,0,0,0,0,0
Q0ILK0_ORYSJ,0.434369748,-0.00628641,NP,NP,NP,NP,NP,NP,0,0,0,0,0,0,0,0,0,0,0,0
Q0IMP1_ORYSJ,0.432938523,-0.008673726,NP,NP,NP,NP,NP,NP,0,0,0,0,0,0,0,0,0,0,0,0
Q0IRT6_ORYSJ,0.054892862,-0.082427724,0.354365452,0.026609712,NP,NP,NP,NP,0,0,0,0,0,0,0,0,0,0,0,0
Q0IS17_ORYSJ,0.000384846,-0.417089006,0.063144026,0.225762524,0.170957466,0.026716023,0.078782038,-0.179259652,1,0,1,0,0,0,0,0,0,0,0,0
Q0ISQ7_ORYSJ,0.046069978,0.252449696,0.005020571,0.558790167,4.50E-09,#NUM!,0.119393176,-0.425007618,1,1,0,1,1,0,1,0,0,0,0,0
Q0IT98_ORYSJ,0.030057266,-0.079024446,0.001828993,0.549611947,NP,NP,NP,NP,1,0,1,1,1,0,0,0,0,0,0,0
Q0ITV5_ORYSJ,0.088548925,0.093149586,0.026889316,-0.287846607,NP,NP,NP,NP,0,0,0,1,0,1,0,0,0,0,0,0
Q0IX96_ORYSJ,1.83E-05,0.290084403,NP,NP,NP,NP,NP,NP,1,1,0,0,0,0,0,0,0,0,0,0
Q0J0M6_ORYSJ,0.021407812,-0.100869447,0.367064354,0.025257036,0.000201758,-0.364678688,NP,NP,1,0,1,0,0,0,1,0,1,0,0,0
Q0J0S7_ORYSJ,0.060430229,0.109222781,NP,NP,0.000183936,0.582589707,NP,NP,0,0,0,0,0,0,1,1,0,0,0,0
Q0J1L4_ORYSJ,0.055995034,0.155687887,0.002453222,0.649461079,NP,NP,NP,NP,0,0,0,1,1,0,0,0,0,0,0,0
Q0J1T6_ORYSJ,0.046066257,-0.061301727,NP,NP,0.000386573,0.304314405,NP,NP,1,0,1,0,0,0,1,1,0,0,0,0
Q0J256_ORYSJ,0.403647627,0.015848859,NP,NP,0.038736073,0.131198752,NP,NP,0,0,0,0,0,0,1,1,0,0,0,0
Q0J2R4_ORYSJ,0.011808146,0.135534845,NP,NP,NP,NP,NP,NP,1,1,0,0,0,0,0,0,0,0,0,0
Q0J415_ORYSJ,0.019987886,-0.093448548,0.004625745,0.353170666,NP,NP,NP,NP,1,0,1,1,1,0,0,0,0,0,0,0
Q0J435_ORYSJ,0.061644752,0.161352687,0.001295824,1.124061501,NP,NP,NP,NP,0,0,0,1,1,0,0,0,0,0,0,0
Q0J8A6_ORYSJ,0.002351202,-0.329580339,NP,NP,0.321333079,-0.016741089,NP,NP,1,0,1,0,0,0,0,0,0,0,0,0
Q0J8M1_ORYSJ,0.184788397,-0.069802117,0.121815451,-0.243071698,0.000758672,-0.342792191,NP,NP,0,0,0,0,0,0,1,0,1,0,0,0
Q0J9V2_ORYSJ,0.007417706,-0.131239572,0.075976635,0.231568331,NP,NP,NP,NP,1,0,1,0,0,0,0,0,0,0,0,0
Q0J9W3_ORYSJ,0.403056336,0.016271123,NP,NP,NP,NP,NP,NP,0,0,0,0,0,0,0,0,0,0,0,0
Q0JA50_ORYSJ,0.385754815,0.011470084,0.329290021,0.049051093,0.002394723,-0.312061149,NP,NP,0,0,0,0,0,0,1,0,1,0,0,0
Q0JAL2_ORYSJ,0.207060489,-0.040832959,NP,NP,0.000592483,-0.259692041,NP,NP,0,0,0,0,0,0,1,0,1,0,0,0
Q0JCU5_ORYSJ,0.449421162,0.009631018,0.000867409,1.507178376,NP,NP,NP,NP,0,0,0,1,1,0,0,0,0,0,0,0
Q0JD86_ORYSJ,0.055188007,0.135831086,NP,NP,NP,NP,NP,NP,0,0,0,0,0,0,0,0,0,0,0,0
Q0JF47_ORYSJ,0.015162909,-0.126136159,0.156950358,0.10089501,NP,NP,NP,NP,1,0,1,0,0,0,0,0,0,0,0,0
Q0JF76_ORYSJ,0.012400959,-0.269199155,NP,NP,0.098667371,-0.098376091,NP,NP,1,0,1,0,0,0,0,0,0,0,0,0
Q0JF92_ORYSJ,2.16E-05,0.910909542,0.000131382,1.124551214,0.142737917,-0.048137384,NP,NP,1,1,0,1,1,0,0,0,0,0,0,0
Q0JGX2_ORYSJ,0.43487615,0.009244858,NP,NP,0.000314687,0.167836167,NP,NP,0,0,0,0,0,0,1,1,0,0,0,0
Q0JJT0_ORYSJ,0.000204057,-0.31110338,NP,NP,0.007263432,0.186665892,NP,NP,1,0,1,0,0,0,1,1,0,0,0,0
Q0JJU2_ORYSJ,0.000212326,0.43355897,0.283243303,-0.057741913,NP,NP,NP,NP,1,1,0,0,0,0,0,0,0,0,0,0
Q0JLN8_ORYSJ,0.181769634,0.081521382,0.000968036,2.077146183,NP,NP,NP,NP,0,0,0,1,1,0,0,0,0,0,0,0
Q0JMC4_ORYSJ,0.021844497,0.478653366,0.016876183,-0.559851602,0.388174383,0.015267368,NP,NP,1,1,0,1,0,1,0,0,0,0,0,0
Q0JN26_ORYSJ,0.044713677,0.617441732,0.124153134,0.342817993,NP,NP,NP,NP,1,1,0,0,0,0,0,0,0,0,0,0
Q0JPD3_ORYSJ,1.90E-05,-0.359300775,NP,NP,0.003840829,0.089705195,NP,NP,1,0,1,0,0,0,1,1,0,0,0,0
Q0JPK0_ORYSJ,1.08E-05,0.43364494,NP,NP,0.023989935,-0.090182695,NP,NP,1,1,0,0,0,0,1,0,1,0,0,0
Q0JQD0_ORYSJ,0.030466091,-0.073300077,0.096256492,0.092675021,NP,NP,NP,NP,1,0,1,0,0,0,0,0,0,0,0,0
Q0JQI5_ORYSJ,0.097501713,-0.105010155,NP,NP,NP,NP,NP,NP,0,0,0,0,0,0,0,0,0,0,0,0
Q0JR20_ORYSJ,0.126377665,0.370742839,0.160750996,-0.243222573,NP,NP,NP,NP,0,0,0,0,0,0,0,0,0,0,0,0
Q0JRG9_ORYSJ,0.000204464,1.06257948,0.395980818,-0.155303859,NP,NP,NP,NP,1,1,0,0,0,0,0,0,0,0,0,0
Q109Y3_ORYSJ,0.033673715,-0.063241901,0.300132017,-0.069180511,0.195999104,0.043237097,NP,NP,1,0,1,0,0,0,0,0,0,0,0,0
Q10A97_ORYSJ,0.067097699,-0.069995588,NP,NP,0.483363668,-0.003796172,NP,NP,0,0,0,0,0,0,0,0,0,0,0,0
Q10AN5_ORYSJ,0.167485313,0.139994345,0.003407434,1.053309848,0.243637234,0.015140323,0.249413445,0.07812107,0,0,0,1,1,0,0,0,0,0,0,0
Q10BX7_ORYSJ,0.184601234,-0.971740472,0.314233543,-0.251098489,NP,NP,0.186643268,0.102349508,0,0,0,0,0,0,0,0,0,0,0,0
Q10CF1_ORYSJ,0.223200649,-0.033190801,NP,NP,0.013198447,0.131457836,0.000447885,-0.648829464,0,0,0,0,0,0,1,1,0,1,0,1
Q10EZ0_ORYSJ,0.000313545,0.27245085,0.00151529,0.544609479,0.28749728,-0.01878645,NP,NP,1,1,0,1,1,0,0,0,0,0,0,0
Q10H93_ORYSJ,0.008371878,-0.14809116,0.262160661,-0.128105491,0.095347018,-0.044492392,NP,NP,1,0,1,0,0,0,0,0,0,0,0,0
Q10HH4_ORYSJ,0.460609882,0.010298315,0.272983037,0.207360241,NP,NP,NP,NP,0,0,0,0,0,0,0,0,0,0,0,0
Q10JI7_ORYSJ,0.040715113,0.293039231,NP,NP,NP,NP,NP,NP,1,1,0,0,0,0,0,0,0,0,0,0
Q10LH9_ORYSJ,0.013729391,-0.224119255,NP,NP,0.136801203,0.031240417,NP,NP,1,0,1,0,0,0,0,0,0,0,0,0
Q10LT8_ORYSJ,0.008432166,-0.618767969,NP,NP,0.000385857,1.834332226,NP,NP,1,0,1,0,0,0,1,1,0,0,0,0
Q10MM5_ORYSJ,0.008166116,-0.130369313,0.303091477,-0.186631907,NP,NP,NP,NP,1,0,1,0,0,0,0,0,0,0,0,0
Q10N26_ORYSJ,0.024497714,-0.495885431,NP,NP,NP,NP,NP,NP,1,0,1,0,0,0,0,0,0,0,0,0
Q10NP2_ORYSJ,0.060881863,-0.13021068,8.05E-05,1.050120874,NP,NP,NP,NP,0,0,0,1,1,0,0,0,0,0,0,0
Q10NZ0_ORYSJ,0.00528124,0.206721944,0.022296639,0.606392702,NP,NP,0.205451814,-0.237702301,1,1,0,1,1,0,0,0,0,0,0,0
Q10PD3_ORYSJ,0.161789864,-0.120025709,0.024547895,1.004371073,6.00E-05,-1.920234746,NP,NP,0,0,0,1,1,0,1,0,1,0,0,0
Q10PK5_ORYSJ,0.054313198,-0.091656509,0.019558636,-0.253381597,NP,NP,NP,NP,0,0,0,1,0,1,0,0,0,0,0,0
Q10PW1_ORYSJ,0.413276249,-0.024531535,NP,NP,NP,NP,NP,NP,0,0,0,0,0,0,0,0,0,0,0,0
Q10QA3_ORYSJ,0.413276249,-0.024531535,NP,NP,NP,NP,NP,NP,0,0,0,0,0,0,0,0,0,0,0,0
Q10QY0_ORYSJ,0.009806481,-1.101465979,NP,NP,NP,NP,NP,NP,1,0,1,0,0,0,0,0,0,0,0,0
Q10R26_ORYSJ,0.014490194,-0.127059865,0.045098473,0.201133035,0.356565718,-0.011859828,NP,NP,1,0,1,1,1,0,0,0,0,0,0,0
Q10RW7_ORYSJ,0.250586474,-0.03846868,0.063867721,-0.16987199,NP,NP,NP,NP,0,0,0,0,0,0,0,0,0,0,0,0
Q10S67_ORYSJ,0.051307038,1.296943193,0.052522985,1.903599788,NP,NP,NP,NP,0,0,0,0,0,0,0,0,0,0,0,0
Q10ST1_ORYSJ,0.431344334,-0.03737453,NP,NP,0.028458231,-0.409903083,NP,NP,0,0,0,0,0,0,1,0,1,0,0,0
Q10T01_ORYSJ,0.363759442,-0.00623361,NP,NP,NP,NP,NP,NP,0,0,0,0,0,0,0,0,0,0,0,0
Q2QLQ5_ORYSJ,0.00712298,0.215669251,0.003816223,0.516942197,NP,NP,NP,NP,1,1,0,1,1,0,0,0,0,0,0,0
Q2QLZ5_ORYSJ,0.006463073,0.316425787,0.000776819,2.291944537,NP,NP,NP,NP,1,1,0,1,1,0,0,0,0,0,0,0
Q2QM45_ORYSJ,0.135142914,0.059952021,0.008504682,0.239031222,0.098536971,-0.047101947,0.292354096,0.023866481,0,0,0,1,1,0,0,0,0,0,0,0
Q2QM64_ORYSJ,0.302363647,0.030049032,NP,NP,0.012377649,3.47433924,NP,NP,0,0,0,0,0,0,1,1,0,0,0,0
Q2QMB6_ORYSJ,0.023781344,0.129133948,NP,NP,0.026536628,-0.090195301,NP,NP,1,1,0,0,0,0,1,0,1,0,0,0
Q2QMV8_ORYSJ,0.004961915,0.354515694,NP,NP,NP,NP,NP,NP,1,1,0,0,0,0,0,0,0,0,0,0
Q2QN95_ORYSJ,0.293270111,0.062282254,NP,NP,NP,NP,NP,NP,0,0,0,0,0,0,0,0,0,0,0,0
Q2QP00_ORYSJ,0.143178818,-0.096881878,0.115899468,-0.781304713,0.009513455,0.127074961,0.147060491,0.179623563,0,0,0,0,0,0,1,1,0,0,0,0
Q2QTN6_ORYSJ,0.006757256,-0.412473151,NP,NP,0.000373753,0.293544142,NP,NP,1,0,1,0,0,0,1,1,0,0,0,0
Q2QU09_ORYSJ,0.274635465,-0.048827803,NP,NP,0.00069007,-0.369620911,0.001904625,0.873863152,0,0,0,0,0,0,1,0,1,1,1,0
Q2QYI3_ORYSJ,0.300485603,0.060810788,0.003333476,1.651666922,NP,NP,NP,NP,0,0,0,1,1,0,0,0,0,0,0,0
Q2R072_ORYSJ,0.001916638,0.163792744,NP,NP,3.24E-05,0.421912963,NP,NP,1,1,0,0,0,0,1,1,0,0,0,0
Q2R086_ORYSJ,0.002652911,0.197752269,NP,NP,0.000562084,-0.219641073,NP,NP,1,1,0,0,0,0,1,0,1,0,0,0
Q2R0M5_ORYSJ,0.002108137,-0.212944403,0.465584269,0.015264108,0.00203847,-0.27132008,NP,NP,1,0,1,0,0,0,1,0,1,0,0,0
Q2R0Y6_ORYSJ,0.429999044,0.076776909,0.138518017,-0.611322137,0.047637887,-0.183832443,0.041918798,-0.656412505,0,0,0,0,0,0,1,0,1,1,0,1
Q2R1N5_ORYSJ,0.107667812,0.108127949,NP,NP,5.43E-05,-0.630511196,NP,NP,0,0,0,0,0,0,1,0,1,0,0,0
Q2R1P5_ORYSJ,0.099391137,0.249962693,0.192978492,-0.34634208,NP,NP,NP,NP,0,0,0,0,0,0,0,0,0,0,0,0
Q2R2H0_ORYSJ,0.000846136,-0.400829791,NP,NP,0.385778283,0.017421005,NP,NP,1,0,1,0,0,0,0,0,0,0,0,0
Q2R3E0_ORYSJ,0.23119865,-0.027853054,0.18647481,0.192945948,0.002484846,-0.196282917,0.082408775,-0.808418579,0,0,0,0,0,0,1,0,1,0,0,0
Q2R4G0_ORYSJ,0.365523099,-0.016987255,0.270012788,-0.099993008,NP,NP,NP,NP,0,0,0,0,0,0,0,0,0,0,0,0
Q2R8Y8_ORYSJ,0.064103955,-0.077323923,NP,NP,NP,NP,NP,NP,0,0,0,0,0,0,0,0,0,0,0,0
Q2RA23_ORYSJ,0.171570697,0.091010773,NP,NP,0.021125209,-0.48806629,0.005550639,0.832320143,0,0,0,0,0,0,1,0,1,1,1,0
Q2RBJ3_ORYSJ,0.302363647,0.030049032,NP,NP,NP,NP,NP,NP,0,0,0,0,0,0,0,0,0,0,0,0
Q337H4_ORYSJ,0.007283407,-0.227460187,NP,NP,0.016207765,0.161814374,NP,NP,1,0,1,0,0,0,1,1,0,0,0,0
Q339F9_ORYSJ,0.104539384,-0.043757137,NP,NP,0.160582414,-0.082126174,NP,NP,0,0,0,0,0,0,0,0,0,0,0,0
Q339K4_ORYSJ,0.03379213,-0.194139264,NP,NP,NP,NP,NP,NP,1,0,1,0,0,0,0,0,0,0,0,0
Q339R3_ORYSJ,0.141705222,0.0703898,0.000845458,1.144640633,NP,NP,0.035056198,0.215500439,0,0,0,1,1,0,0,0,0,1,1,0
Q33BA3_ORYSJ,0.165138746,0.098443508,0.345492514,-0.057050056,NP,NP,NP,NP,0,0,0,0,0,0,0,0,0,0,0,0
Q53KA2_ORYSJ,0.02364029,0.090355646,NP,NP,0.000200486,-0.350917273,NP,NP,1,1,0,0,0,0,1,0,1,0,0,0
Q53KJ1_ORYSJ,0.000829402,-0.466699966,0.011683212,0.622168327,NP,NP,NP,NP,1,0,1,1,1,0,0,0,0,0,0,0
Q53KU9_ORYSJ,0.01803602,-0.274095112,0.003802506,2.465638468,NP,NP,0.023994179,-1.816206361,1,0,1,1,1,0,0,0,0,1,0,1
Q53MA7_ORYSJ,0.023978501,-0.177886882,NP,NP,NP,NP,NP,NP,1,0,1,0,0,0,0,0,0,0,0,0
Q53P84_ORYSJ,0.361984212,0.032978947,NP,NP,0.075647636,-0.144335884,0.000101557,-5.063130106,0,0,0,0,0,0,0,0,0,1,0,1
Q53PP7_ORYSJ,0.010820009,-0.37983433,0.386739376,0.060054151,NP,NP,0.08226071,2.233049329,1,0,1,0,0,0,0,0,0,0,0,0
Q5JJU6_ORYSJ,0.045841168,0.131727838,0.187713351,0.122213805,NP,NP,NP,NP,1,1,0,0,0,0,0,0,0,0,0,0
Q5JLP9_ORYSJ,2.03E-05,0.77602709,0.000174949,0.949673293,0.126928807,-0.048416936,NP,NP,1,1,0,1,1,0,0,0,0,0,0,0
Q5JMA1_ORYSJ,0.016101154,-0.10561568,NP,NP,0.057686188,0.045963098,NP,NP,1,0,1,0,0,0,0,0,0,0,0,0
Q5JMK3_ORYSJ,0.000173772,0.910115551,0.001885877,1.01949454,0.002895024,-0.559663711,0.014839748,-0.558182629,1,1,0,1,1,0,1,0,1,1,0,1
Q5JMX5_ORYSJ,0.331722699,0.036265034,NP,NP,0.000101002,0.715265959,NP,NP,0,0,0,0,0,0,1,1,0,0,0,0
Q5JNB3_ORYSJ,0.03379213,-0.194139264,NP,NP,NP,NP,NP,NP,1,0,1,0,0,0,0,0,0,0,0,0
Q5N6Y0_ORYSJ,0.000847828,-0.33766233,0.421871851,0.029934662,NP,NP,NP,NP,1,0,1,0,0,0,0,0,0,0,0,0
Q5N719_ORYSJ,0.007417706,-0.131239572,NP,NP,0.0009014,-0.117617438,NP,NP,1,0,1,0,0,0,1,0,1,0,0,0
Q5N9W8_ORYSJ,0.027877561,-0.055954479,NP,NP,NP,NP,NP,NP,1,0,1,0,0,0,0,0,0,0,0,0
Q5NBG3_ORYSJ,5.11E-05,0.915283129,0.000300015,1.175728689,NP,NP,NP,NP,1,1,0,1,1,0,0,0,0,0,0,0
Q5QLH2_ORYSJ,0.008477235,0.108023449,NP,NP,NP,NP,NP,NP,1,1,0,0,0,0,0,0,0,0,0,0
Q5QMC8_ORYSJ,0.000936058,-0.498562447,NP,NP,NP,NP,NP,NP,1,0,1,0,0,0,0,0,0,0,0,0
Q5QMW8_ORYSJ,0.490191625,0.001580162,0.000502242,1.283723486,4.48E-05,0.676260244,0.138736624,0.461534174,0,0,0,1,1,0,1,1,0,0,0,0
Q5SN81_ORYSJ,0.017446881,0.153112267,0.208870704,-0.278447974,0.119179072,0.035523004,0.028113192,-0.233176184,1,1,0,0,0,0,0,0,0,1,0,1
Q5SNE4_ORYSJ,0.432938523,-0.008673726,0.023691098,0.222515874,NP,NP,NP,NP,0,0,0,1,1,0,0,0,0,0,0,0
Q5VMR7_ORYSJ,0.036287796,0.223712458,NP,NP,0.000183137,0.81156942,NP,NP,1,1,0,0,0,0,1,1,0,0,0,0
Q5VNG4_ORYSJ,0.001623464,-0.356359539,NP,NP,NP,NP,NP,NP,1,0,1,0,0,0,0,0,0,0,0,0
Q5VP50_ORYSJ,0.044609838,0.206549456,0.001489658,0.98096747,NP,NP,NP,NP,1,1,0,1,1,0,0,0,0,0,0,0
Q5VP89_ORYSJ,0.197847452,-0.050558516,NP,NP,NP,NP,NP,NP,0,0,0,0,0,0,0,0,0,0,0,0
Q5VPC8_ORYSJ,0.273658561,-0.018553745,0.023462514,-0.3116917,NP,NP,NP,NP,0,0,0,1,0,1,0,0,0,0,0,0
Q5VQM7_ORYSJ,0.000311915,-0.353150023,NP,NP,NP,NP,NP,NP,1,0,1,0,0,0,0,0,0,0,0,0
Q5VRS8_ORYSJ,0.434369748,-0.00628641,0.132570337,0.078755905,0.001874739,-0.209245104,NP,NP,0,0,0,0,0,0,1,0,1,0,0,0
Q5VRX8_ORYSJ,0.491243579,0.001719691,NP,NP,0.000343647,1.276401547,NP,NP,0,0,0,0,0,0,1,1,0,0,0,0
Q5WMX9_ORYSJ,0.187288387,0.106268482,0.001308642,0.552454321,NP,NP,0.223449571,-0.081890014,0,0,0,1,1,0,0,0,0,0,0,0
Q5YM05_ORYSJ,2.51E-05,0.859839575,NP,NP,NP,NP,NP,NP,1,1,0,0,0,0,0,0,0,0,0,0
Q5Z5F4_ORYSJ,0.045102148,0.20876605,NP,NP,NP,NP,NP,NP,1,1,0,0,0,0,0,0,0,0,0,0
Q5Z7K5_ORYSJ,0.00513218,0.199766627,NP,NP,0.019490855,0.104754374,NP,NP,1,1,0,0,0,0,1,1,0,0,0,0
Q5Z800_ORYSJ,0.035625889,0.161318316,0.001882112,1.470254381,6.98E-05,1.488921656,0.154767109,-0.305592739,1,1,0,1,1,0,1,1,0,0,0,0
Q5Z8H3_ORYSJ,0.000683836,-0.459745231,NP,NP,NP,NP,NP,NP,1,0,1,0,0,0,0,0,0,0,0,0
Q5Z8I3_ORYSJ,0.011091524,0.195195508,NP,NP,0.441398295,-0.006491705,NP,NP,1,1,0,0,0,0,0,0,0,0,0,0
Q5Z9N8_ORYSJ,0.000218407,-0.21901173,NP,NP,NP,NP,NP,NP,1,0,1,0,0,0,0,0,0,0,0,0
Q5ZA32_ORYSJ,0.024406034,-0.127329376,0.001123369,-0.23219777,NP,NP,0.204136085,-0.436394252,1,0,1,1,0,1,0,0,0,0,0,0
Q5ZA54_ORYSJ,0.153741898,-0.078738218,NP,NP,0.001466853,-0.292801844,0.243169657,0.631903616,0,0,0,0,0,0,1,0,1,0,0,0
Q5ZC69_ORYSJ,0.002995075,-0.132706222,0.382019356,-0.018731016,NP,NP,NP,NP,1,0,1,0,0,0,0,0,0,0,0,0
Q5ZDB2_ORYSJ,0.002725478,-0.171340692,0.050412356,-0.241078234,0.035733945,0.095817372,NP,NP,1,0,1,0,0,0,1,1,0,0,0,0
Q60D95_ORYSJ,0.138943772,0.151234458,NP,NP,2.90E-05,1.377482654,NP,NP,0,0,0,0,0,0,1,1,0,0,0,0
Q60EH1_ORYSJ,0.491581475,0.001166625,NP,NP,NP,NP,NP,NP,0,0,0,0,0,0,0,0,0,0,0,0
Q60EM2_ORYSJ,0.041029232,0.15003921,NP,NP,0.000519759,0.452198819,NP,NP,1,1,0,0,0,0,1,1,0,0,0,0
Q653G4_ORYSJ,0.016924616,-0.803951244,0.002671882,1.395001647,NP,NP,NP,NP,1,0,1,1,1,0,0,0,0,0,0,0
Q653Y7_ORYSJ,0.305711635,0.031583603,0.024861751,1.277339279,0.102390987,0.062765796,0.055266676,0.19645596,0,0,0,1,1,0,0,0,0,0,0,0
Q654Y6_ORYSJ,0.000148377,0.458824763,NP,NP,0.084468672,-0.097915239,NP,NP,1,1,0,0,0,0,0,0,0,0,0,0
Q655L5_ORYSJ,0.111510595,0.290036806,NP,NP,0.070167227,-0.195870346,NP,NP,0,0,0,0,0,0,0,0,0,0,0,0
Q657Z6_ORYSJ,0.044609838,0.206549456,NP,NP,0.124715813,-0.205685091,0.287803817,-0.093642241,1,1,0,0,0,0,0,0,0,0,0,0
Q65WS9_ORYSJ,0.017282836,-0.234854848,NP,NP,0.005310432,0.293041023,NP,NP,1,0,1,0,0,0,1,1,0,0,0,0
Q65X84_ORYSJ,0.115828167,0.088064391,NP,NP,7.82E-05,0.816527017,NP,NP,0,0,0,0,0,0,1,1,0,0,0,0
Q65X96_ORYSJ,0.004349908,0.166954458,NP,NP,0.107992423,-0.091815805,NP,NP,1,1,0,0,0,0,0,0,0,0,0,0
Q65XE1_ORYSJ,0.112212221,0.121806223,0.001131615,1.547139445,NP,NP,NP,NP,0,0,0,1,1,0,0,0,0,0,0,0
Q65XJ2_ORYSJ,0.158636624,0.042913665,NP,NP,NP,NP,NP,NP,0,0,0,0,0,0,0,0,0,0,0,0
Q67TV0_ORYSJ,0.000634376,-0.377363755,0.442711366,-0.019456685,NP,NP,NP,NP,1,0,1,0,0,0,0,0,0,0,0,0
Q67U98_ORYSJ,0.072299016,0.078565905,NP,NP,0.003773247,-0.186789843,NP,NP,0,0,0,0,0,0,1,0,1,0,0,0
Q67UI0_ORYSJ,0.001191438,0.26753976,NP,NP,NP,NP,NP,NP,1,1,0,0,0,0,0,0,0,0,0,0
Q67VW4_ORYSJ,0.115018425,-0.072059932,0.002432513,0.981707928,NP,NP,0.363261656,0.087228099,0,0,0,1,1,0,0,0,0,0,0,0
Q67WE5_ORYSJ,0.036287796,0.223712458,NP,NP,0.000183137,0.81156942,NP,NP,1,1,0,0,0,0,1,1,0,0,0,0
Q67WY8_ORYSJ,0.019619082,0.679212356,NP,NP,NP,NP,NP,NP,1,1,0,0,0,0,0,0,0,0,0,0
Q67X36_ORYSJ,0.341410504,-0.155092047,NP,NP,NP,NP,NP,NP,0,0,0,0,0,0,0,0,0,0,0,0
Q69IM3_ORYSJ,0.122820519,0.089571884,0.189740747,0.130551146,0.000296829,-0.417672463,0.006594179,0.117069747,0,0,0,0,0,0,1,0,1,1,1,0
Q69J07_ORYSJ,0.012396475,-0.067818553,NP,NP,NP,NP,NP,NP,1,0,1,0,0,0,0,0,0,0,0,0
Q69JE2_ORYSJ,0.271974623,0.039394997,NP,NP,0.020688535,-0.125467493,NP,NP,0,0,0,0,0,0,1,0,1,0,0,0
Q69JI7_ORYSJ,0.430941763,0.008571392,NP,NP,0.122425047,-0.081178364,0.179929948,-2.222547795,0,0,0,0,0,0,0,0,0,0,0,0
Q69JJ6_ORYSJ,0.015162909,-0.126136159,0.156950358,0.10089501,0.120602622,0.03273584,0.038283033,-0.493396988,1,0,1,0,0,0,0,0,0,1,0,1
Q69JW6_ORYSJ,0.269790475,0.066415085,0.005144807,1.663452854,NP,NP,NP,NP,0,0,0,1,1,0,0,0,0,0,0,0
Q69KC4_ORYSJ,0.05636443,0.125297204,NP,NP,0.000100828,0.939921044,NP,NP,0,0,0,0,0,0,1,1,0,0,0,0
Q69LE4_ORYSJ,0.188215726,0.032085495,0.253378803,-0.073738993,NP,NP,0.033166225,0.326381457,0,0,0,0,0,0,0,0,0,1,1,0
Q69MD2_ORYSJ,0.473336654,0.006001387,NP,NP,NP,NP,NP,NP,0,0,0,0,0,0,0,0,0,0,0,0
Q69MT1_ORYSJ,0.293270111,0.062282254,NP,NP,NP,NP,NP,NP,0,0,0,0,0,0,0,0,0,0,0,0
Q69NA5_ORYSJ,0.008763738,-1.117708857,0.000515532,1.35466828,NP,NP,0.012228772,-0.681999093,1,0,1,1,1,0,0,0,0,1,0,1
Q69P55_ORYSJ,0.000144192,0.432645425,NP,NP,0.001445678,-0.218925554,NP,NP,1,1,0,0,0,0,1,0,1,0,0,0
Q69P89_ORYSJ,0.04942844,0.123374641,NP,NP,NP,NP,NP,NP,1,1,0,0,0,0,0,0,0,0,0,0
Q69PQ1_ORYSJ,8.00E-06,-0.411083573,NP,NP,NP,NP,NP,NP,1,0,1,0,0,0,0,0,0,0,0,0
Q69RL4_ORYSJ,0.000599171,0.967192912,NP,NP,NP,NP,NP,NP,1,1,0,0,0,0,0,0,0,0,0,0
Q69WZ1_ORYSJ,0.00513218,0.199766627,NP,NP,NP,NP,NP,NP,1,1,0,0,0,0,0,0,0,0,0,0
Q69Y39_ORYSJ,0.138943772,0.151234458,NP,NP,NP,NP,NP,NP,0,0,0,0,0,0,0,0,0,0,0,0
Q6AUB4_ORYSJ,0.242750023,0.202351658,NP,NP,NP,NP,NP,NP,0,0,0,0,0,0,0,0,0,0,0,0
Q6AUI3_ORYSJ,0.001846055,0.273622791,NP,NP,NP,NP,NP,NP,1,1,0,0,0,0,0,0,0,0,0,0
Q6AVR9_ORYSJ,0.036287796,0.223712458,NP,NP,0.000183137,0.81156942,NP,NP,1,1,0,0,0,0,1,1,0,0,0,0
Q6AVV6_ORYSJ,0.000848741,-0.521108736,NP,NP,NP,NP,NP,NP,1,0,1,0,0,0,0,0,0,0,0,0
Q6EQK1_ORYSJ,0.149016992,-0.051037704,0.003441233,-0.359287496,NP,NP,NP,NP,0,0,0,1,0,1,0,0,0,0,0,0
Q6ES92_ORYSJ,0.002647883,0.262932958,0.002939103,-0.807096912,0.000197973,-5.139704016,0.001280786,2.748830506,1,1,0,1,0,1,1,0,1,1,1,0
Q6EUK2_ORYSJ,0.028136686,0.233932516,0.001430924,-0.448225929,NP,NP,NP,NP,1,1,0,1,0,1,0,0,0,0,0,0
Q6F2Z5_ORYSJ,0.050257461,0.164432793,0.000279935,1.80952793,NP,NP,NP,NP,0,0,0,1,1,0,0,0,0,0,0,0
Q6F378_ORYSJ,2.16E-05,0.910909542,NP,NP,NP,NP,NP,NP,1,1,0,0,0,0,0,0,0,0,0,0
Q6H4T8_ORYSJ,0.076322087,0.321030453,0.170154094,-0.376406046,NP,NP,NP,NP,0,0,0,0,0,0,0,0,0,0,0,0
Q6H5Y7_ORYSJ,0.000932616,1.103115965,0.044814382,-0.940469741,NP,NP,0.203452931,-0.914996038,1,1,0,1,0,1,0,0,0,0,0,0
Q6H851_ORYSJ,0.432938523,-0.008673726,NP,NP,NP,NP,NP,NP,0,0,0,0,0,0,0,0,0,0,0,0
Q6I591_ORYSJ,0.123621549,-0.059730611,NP,NP,NP,NP,NP,NP,0,0,0,0,0,0,0,0,0,0,0,0
Q6K1Y0_ORYSJ,0.123735816,0.09831394,NP,NP,NP,NP,NP,NP,0,0,0,0,0,0,0,0,0,0,0,0
Q6K246_ORYSJ,0.377306137,-0.025791903,0.003479418,0.885914343,NP,NP,NP,NP,0,0,0,1,1,0,0,0,0,0,0,0
Q6K3D1_ORYSJ,0.004961915,0.354515694,NP,NP,0.011691246,0.232774228,NP,NP,1,1,0,0,0,0,1,1,0,0,0,0
Q6K4E1_ORYSJ,0.046543198,-0.083636549,NP,NP,0.006067182,-0.128593635,NP,NP,1,0,1,0,0,0,1,0,1,0,0,0
Q6K4E6_ORYSJ,0.000111668,0.944579834,0.000920922,-0.675504518,NP,NP,NP,NP,1,1,0,1,0,1,0,0,0,0,0,0
Q6K722_ORYSJ,0.010378091,0.191311336,0.000692849,0.991850104,NP,NP,NP,NP,1,1,0,1,1,0,0,0,0,0,0,0
Q6K7Q7_ORYSJ,0.40814904,-0.015473128,NP,NP,NP,NP,NP,NP,0,0,0,0,0,0,0,0,0,0,0,0
Q6K7V0_ORYSJ,0.003999599,-0.137208401,NP,NP,NP,NP,NP,NP,1,0,1,0,0,0,0,0,0,0,0,0
Q6K9X4_ORYSJ,0.460296865,0.007762836,NP,NP,NP,NP,NP,NP,0,0,0,0,0,0,0,0,0,0,0,0
Q6KAB7_ORYSJ,0.33964538,-0.015771943,0.375160352,0.048828004,NP,NP,NP,NP,0,0,0,0,0,0,0,0,0,0,0,0
Q6L4D7_ORYSJ,0.242750023,0.202351658,0.199799473,-0.253850492,NP,NP,NP,NP,0,0,0,0,0,0,0,0,0,0,0,0
Q6L550_ORYSJ,0.150880996,0.076984421,0.012282842,0.303968869,NP,NP,NP,NP,0,0,0,1,1,0,0,0,0,0,0,0
Q6L5C8_ORYSJ,0.00060003,-0.485968115,0.067638711,0.341152899,NP,NP,NP,NP,1,0,1,0,0,0,0,0,0,0,0,0
Q6L5J3_ORYSJ,0.009597476,-0.169806421,0.013643389,0.225685239,1.41E-05,0.470847968,NP,NP,1,0,1,1,1,0,1,1,0,0,0,0
Q6YTT4_ORYSJ,1.61E-05,0.742975175,0.2952192,-0.097530317,0.062202038,0.02382546,0.472396377,0.005018625,1,1,0,0,0,0,0,0,0,0,0,0
Q6YUS5_ORYSJ,0.00371134,-0.212192454,NP,NP,0.007262069,-0.048644697,NP,NP,1,0,1,0,0,0,1,0,1,0,0,0
Q6YVV8_ORYSJ,0.058199535,0.423867138,NP,NP,0.330957453,-0.132803779,NP,NP,0,0,0,0,0,0,0,0,0,0,0,0
Q6YXY8_ORYSJ,0.132556661,-0.073373209,NP,NP,NP,NP,NP,NP,0,0,0,0,0,0,0,0,0,0,0,0
Q6YYG5_ORYSJ,1.81E-06,0.373380113,NP,NP,NP,NP,NP,NP,1,1,0,0,0,0,0,0,0,0,0,0
Q6Z0U9_ORYSJ,0.282856593,-0.050807578,NP,NP,NP,NP,NP,NP,0,0,0,0,0,0,0,0,0,0,0,0
Q6Z2A2_ORYSJ,0.07408091,0.36504561,NP,NP,0.392015497,-0.012563437,0.05852379,1.694787494,0,0,0,0,0,0,0,0,0,0,0,0
Q6Z2B6_ORYSJ,0.098273428,-0.103113726,NP,NP,NP,NP,NP,NP,0,0,0,0,0,0,0,0,0,0,0,0
Q6Z306_ORYSJ,0.001477031,0.203609222,NP,NP,0.05934568,0.109201022,NP,NP,1,1,0,0,0,0,0,0,0,0,0,0
Q6Z3F1_ORYSJ,0.041029232,0.15003921,NP,NP,0.000519759,0.452198819,NP,NP,1,1,0,0,0,0,1,1,0,0,0,0
Q6Z632_ORYSJ,0.207880221,0.055991669,0.345689554,0.026430402,NP,NP,0.134649917,0.130942596,0,0,0,0,0,0,0,0,0,0,0,0
Q6Z6A3_ORYSJ,0.001149815,0.702750048,NP,NP,5.06E-06,1.831311767,NP,NP,1,1,0,0,0,0,1,1,0,0,0,0
Q6Z6C7_ORYSJ,0.075172771,-0.35147944,0.137854861,-0.570582859,NP,NP,NP,NP,0,0,0,0,0,0,0,0,0,0,0,0
Q6Z742_ORYSJ,0.016332237,1.206923311,0.00847686,0.964341382,0.009319099,-1.776096378,0.08848056,-0.586712199,1,1,0,1,1,0,1,0,1,0,0,0
Q6Z782_ORYSJ,0.212988612,-0.069703461,0.400410872,0.036862741,NP,NP,NP,NP,0,0,0,0,0,0,0,0,0,0,0,0
Q6Z8D4_ORYSJ,0.285003227,0.041230869,0.000867409,1.507178376,0.000293069,-0.413174432,NP,NP,0,0,0,1,1,0,1,0,1,0,0,0
Q6Z8R5_ORYSJ,0.015458772,-0.18051837,0.303260386,0.056054053,NP,NP,NP,NP,1,0,1,0,0,0,0,0,0,0,0,0
Q6Z8Y3_ORYSJ,0.03379213,-0.194139264,NP,NP,NP,NP,NP,NP,1,0,1,0,0,0,0,0,0,0,0,0
Q6ZBZ9_ORYSJ,0.078088089,-0.312840395,NP,NP,5.63E-05,5.018871266,NP,NP,0,0,0,0,0,0,1,1,0,0,0,0
Q6ZC29_ORYSJ,0.431443418,0.011840015,NP,NP,NP,NP,NP,NP,0,0,0,0,0,0,0,0,0,0,0,0
Q6ZC33_ORYSJ,0.002652722,-0.208235805,NP,NP,0.002296682,-0.14033999,NP,NP,1,0,1,0,0,0,1,0,1,0,0,0
Q6ZDX3_ORYSJ,0.007167107,-0.119764504,NP,NP,0.002394723,-0.312061149,NP,NP,1,0,1,0,0,0,1,0,1,0,0,0
Q6ZF70_ORYSJ,0.000355306,4.257385566,0.078895959,-0.348591104,NP,NP,NP,NP,1,1,0,0,0,0,0,0,0,0,0,0
Q6ZG89_ORYSJ,0.006401375,-0.290267206,0.170333834,0.128596408,NP,NP,NP,NP,1,0,1,0,0,0,0,0,0,0,0,0
Q6ZGD1_ORYSJ,0.000196891,-0.483384643,NP,NP,NP,NP,NP,NP,1,0,1,0,0,0,0,0,0,0,0,0
Q6ZGT9_ORYSJ,9.07E-05,0.351240354,0.000640694,0.650378419,NP,NP,NP,NP,1,1,0,1,1,0,0,0,0,0,0,0
Q6ZI82_ORYSJ,0.000333354,-0.216450601,0.017340945,0.296070055,NP,NP,0.009992767,-0.338899576,1,0,1,1,1,0,0,0,0,1,0,1
Q6ZJW6_ORYSJ,0.030177071,0.142821066,0.00068119,1.01821244,NP,NP,NP,NP,1,1,0,1,1,0,0,0,0,0,0,0
Q6ZKR7_ORYSJ,0.115828167,0.088064391,0.000472616,1.180485376,7.82E-05,0.816527017,NP,NP,0,0,0,1,1,0,1,1,0,0,0,0
Q75GI8_ORYSJ,0.112255417,0.093065707,0.19444725,-0.088395139,NP,NP,NP,NP,0,0,0,0,0,0,0,0,0,0,0,0
Q75GQ8_ORYSJ,0.17820784,0.104199626,0.459395354,0.041003869,NP,NP,NP,NP,0,0,0,0,0,0,0,0,0,0,0,0
Q75HR0_ORYSJ,0.055856944,-0.402681148,NP,NP,0.001379028,1.705150521,NP,NP,0,0,0,0,0,0,1,1,0,0,0,0
Q75HV8_ORYSJ,0.193271546,0.046225705,NP,NP,0.292850414,0.018426412,NP,NP,0,0,0,0,0,0,0,0,0,0,0,0
Q75HY6_ORYSJ,0.09898628,0.084581475,0.000609206,-0.730838122,NP,NP,0.027296735,-0.290480432,0,0,0,1,0,1,0,0,0,1,0,1
Q75J19_ORYSJ,0.17820784,0.104199626,NP,NP,1.68E-05,-0.842561091,NP,NP,0,0,0,0,0,0,1,0,1,0,0,0
Q75M18_ORYSJ,0.000226758,0.400620685,NP,NP,NP,NP,NP,NP,1,1,0,0,0,0,0,0,0,0,0,0
Q7EZL2_ORYSJ,0.001547896,-0.253127233,NP,NP,2.21E-05,1.785747214,NP,NP,1,0,1,0,0,0,1,1,0,0,0,0
Q7F0B2_ORYSJ,0.329367688,0.064071808,0.003787785,1.890834619,NP,NP,NP,NP,0,0,0,1,1,0,0,0,0,0,0,0
Q7F1R9_ORYSJ,0.001069683,-0.125139294,NP,NP,NP,NP,NP,NP,1,0,1,0,0,0,0,0,0,0,0,0
Q7FAN9_ORYSJ,0.019987886,-0.093448548,NP,NP,NP,NP,NP,NP,1,0,1,0,0,0,0,0,0,0,0,0
Q7G5M7_ORYSJ,1.21E-05,0.988639271,0.000767531,2.410506032,0.004704925,-0.289766814,0.015500477,2.527947058,1,1,0,1,1,0,1,0,1,1,1,0
Q7G607_ORYSJ,0.000644174,0.206860814,0.000404906,0.930237439,NP,NP,NP,NP,1,1,0,1,1,0,0,0,0,0,0,0
Q7G752_ORYSJ,0.004077528,-0.080640546,NP,NP,0.007202678,0.122229921,NP,NP,1,0,1,0,0,0,1,1,0,0,0,0
Q7G8G4_ORYSJ,0.033496319,-0.178482259,0.461702525,0.012676232,NP,NP,NP,NP,1,0,1,0,0,0,0,0,0,0,0,0
Q7X6M3_ORYSJ,0.297478058,-0.095437195,NP,NP,0.035638528,-0.316216826,NP,NP,0,0,0,0,0,0,1,0,1,0,0,0
Q7XAM2_ORYSJ,0.000137799,-0.435181174,0.15046158,0.190749043,0.007350704,0.164314013,0.026857897,-0.4488603,1,0,1,0,0,0,1,1,0,1,0,1
Q7XAM6_ORYSJ,0.015862081,0.093846519,0.236163706,-0.145853539,0.000286621,-0.355232495,NP,NP,1,1,0,0,0,0,1,0,1,0,0,0
Q7XBT3_ORYSJ,0.030659531,0.35349096,NP,NP,NP,NP,NP,NP,1,1,0,0,0,0,0,0,0,0,0,0
Q7XBZ0_ORYSJ,0.000882332,-0.512496536,NP,NP,NP,NP,NP,NP,1,0,1,0,0,0,0,0,0,0,0,0
Q7XCM3_ORYSJ,0.001138789,-0.384967168,NP,NP,NP,NP,NP,NP,1,0,1,0,0,0,0,0,0,0,0,0
Q7XHW3_ORYSJ,0.382331216,0.036966396,0.011452566,1.905748235,NP,NP,NP,NP,0,0,0,1,1,0,0,0,0,0,0,0
Q7XI09_ORYSJ,0.132556661,-0.073373209,NP,NP,0.000499254,-0.148178285,NP,NP,0,0,0,0,0,0,1,0,1,0,0,0
Q7XKP8_ORYSJ,0.425930379,-0.009209949,0.35164837,0.039001711,NP,NP,NP,NP,0,0,0,0,0,0,0,0,0,0,0,0
Q7XM41_ORYSJ,0.001918235,-0.346264218,NP,NP,NP,NP,NP,NP,1,0,1,0,0,0,0,0,0,0,0,0
Q7XMQ6_ORYSJ,2.51E-05,0.859839575,NP,NP,NP,NP,0.404932791,0.053680677,1,1,0,0,0,0,0,0,0,0,0,0
Q7XMR1_ORYSJ,0.085661811,0.032053265,0.004266852,-0.734575897,NP,NP,0.153050161,0.385543546,0,0,0,1,0,1,0,0,0,0,0,0
Q7XPV3_ORYSJ,0.011053258,1.284124974,0.003462205,-1.748119362,NP,NP,NP,NP,1,1,0,1,0,1,0,0,0,0,0,0
Q7XQC5_ORYSJ,0.001522413,-0.14332181,0.148745067,0.252813242,NP,NP,0.014785651,0.941509668,1,0,1,0,0,0,0,0,0,1,1,0
Q7XQT8_ORYSJ,0.240855333,0.128341086,NP,NP,0.068548233,0.132012316,NP,NP,0,0,0,0,0,0,0,0,0,0,0,0
Q7XQV1_ORYSJ,0.017261946,0.177540939,0.001425009,-0.454658801,NP,NP,NP,NP,1,1,0,1,0,1,0,0,0,0,0,0
Q7XR00_ORYSJ,0.109660331,0.284517344,0.153796021,-0.418043031,0.363426811,-0.013959511,0.049914435,-0.397211851,0,0,0,0,0,0,0,0,0,1,0,1
Q7XR79_ORYSJ,0.000845634,-0.385655152,0.070965182,0.215193179,0.091654257,0.080687649,NP,NP,1,0,1,0,0,0,0,0,0,0,0,0
Q7XSD2_ORYSJ,0.014422582,0.204245024,NP,NP,NP,NP,NP,NP,1,1,0,0,0,0,0,0,0,0,0,0
Q7XSQ2_ORYSJ,0.228963274,-1.651869295,NP,NP,0.261628659,-0.695370942,NP,NP,0,0,0,0,0,0,0,0,0,0,0,0
Q7XUQ7_ORYSJ,0.020113426,0.130999374,NP,NP,0.014962061,-0.094160665,0.285982319,0.089037399,1,1,0,0,0,0,1,0,1,0,0,0
Q7XUV8_ORYSJ,0.047173878,-0.099017622,NP,NP,0.006804722,-0.194536734,NP,NP,1,0,1,0,0,0,1,0,1,0,0,0
Q7XV23_ORYSJ,0.013507906,-0.329919702,NP,NP,NP,NP,NP,NP,1,0,1,0,0,0,0,0,0,0,0,0
Q7XV42_ORYSJ,0.09898628,0.084581475,0.399650796,-0.058272068,NP,NP,NP,NP,0,0,0,0,0,0,0,0,0,0,0,0
Q7XXF5_ORYSJ,0.005910878,0.415861722,NP,NP,NP,NP,NP,NP,1,1,0,0,0,0,0,0,0,0,0,0
Q7XXJ5_ORYSJ,0.00037385,0.442648888,0.000272588,1.97759448,NP,NP,0.010319121,0.253448445,1,1,0,1,1,0,0,0,0,1,1,0
Q7XZH2_ORYSJ,0.057056808,0.401943197,0.10964,0.168727329,0.329920446,-0.130901756,0.15948325,0.168268605,0,0,0,0,0,0,0,0,0,0,0,0
Q7Y0C6_ORYSJ,0.225806132,0.103825005,NP,NP,0.199945689,-0.064312773,NP,NP,0,0,0,0,0,0,0,0,0,0,0,0
Q7Y1L1_ORYSJ,0.000600158,0.574030245,NP,NP,NP,NP,NP,NP,1,1,0,0,0,0,0,0,0,0,0,0
Q84J76_ORYSJ,0.033581777,-0.178944661,NP,NP,0.110912117,0.037474692,NP,NP,1,0,1,0,0,0,0,0,0,0,0,0
Q84MP1_ORYSJ,0.267263044,-0.019340218,0.260270508,-0.164787827,0.069555623,-0.037678776,0.016952335,-1.034781081,0,0,0,0,0,0,0,0,0,1,0,1
Q84MV9_ORYSJ,0.003252337,-0.199517596,0.146938553,-0.142401063,0.146284747,0.042248769,NP,NP,1,0,1,0,0,0,0,0,0,0,0,0
Q84QV5_ORYSJ,5.11E-05,0.915283129,0.015703604,0.385772983,NP,NP,NP,NP,1,1,0,1,1,0,0,0,0,0,0,0
Q84YR7_ORYSJ,0.000407503,-0.267667142,NP,NP,0.004731427,0.079823406,NP,NP,1,0,1,0,0,0,1,1,0,0,0,0
Q84ZR9_ORYSJ,0.10249397,-0.23657601,NP,NP,NP,NP,NP,NP,0,0,0,0,0,0,0,0,0,0,0,0
Q84ZT1_ORYSJ,0.003336793,-0.162098325,NP,NP,0.000128203,-0.245379465,NP,NP,1,0,1,0,0,0,1,0,1,0,0,0
Q851E0_ORYSJ,0.307281505,-0.262658265,NP,NP,NP,NP,NP,NP,0,0,0,0,0,0,0,0,0,0,0,0
Q8GRV4_ORYSJ,0.039304348,0.237002442,0.425200354,0.024881861,NP,NP,NP,NP,1,1,0,0,0,0,0,0,0,0,0,0
Q8GVQ8_ORYSJ,0.3718741,0.0390522,7.72E-05,-2.401881469,NP,NP,NP,NP,0,0,0,1,0,1,0,0,0,0,0,0
Q8GZW3_ORYSJ,0.023781344,0.129133948,0.142153987,-1.142047746,NP,NP,0.100284346,1.333815889,1,1,0,0,0,0,0,0,0,0,0,0
Q8H061_ORYSJ,0.012288902,-0.078321242,0.023959205,0.182214606,NP,NP,0.243869291,0.134736515,1,0,1,1,1,0,0,0,0,0,0,0
Q8H3L8_ORYSJ,0.293270111,0.062282254,NP,NP,0.097256101,-0.971749005,0.040081299,-1.06844755,0,0,0,0,0,0,0,0,0,1,0,1
Q8H8M9_ORYSJ,0.000384846,-0.417089006,NP,NP,0.098157854,0.023070999,NP,NP,1,0,1,0,0,0,0,0,0,0,0,0
Q8H919_ORYSJ,0.015353673,-0.180623061,0.305355304,0.055406618,NP,NP,NP,NP,1,0,1,0,0,0,0,0,0,0,0,0
Q8L426_ORYSJ,0.297478058,-0.095437195,NP,NP,0.035638528,-0.316216826,NP,NP,0,0,0,0,0,0,1,0,1,0,0,0
Q8L460_ORYSJ,0.001026696,-0.633194436,NP,NP,NP,NP,NP,NP,1,0,1,0,0,0,0,0,0,0,0,0
Q8L4B1_ORYSJ,0.282565092,0.099497466,0.230584633,0.056966981,0.378123108,-0.025605732,0.361763567,0.025682041,0,0,0,0,0,0,0,0,0,0,0,0
Q8LI36_ORYSJ,0.007110472,-0.131392487,NP,NP,0.000825998,-0.117827038,0.100843458,-0.302734565,1,0,1,0,0,0,1,0,1,0,0,0
Q8LJ05_ORYSJ,0.058199535,0.423867138,NP,NP,0.330957453,-0.132803779,NP,NP,0,0,0,0,0,0,0,0,0,0,0,0
Q8LL83_ORYSJ,0.006391542,-0.092179744,NP,NP,0.001670709,0.203748802,NP,NP,1,0,1,0,0,0,1,1,0,0,0,0
Q8LML7_ORYSJ,0.010524294,0.064390306,0.012695798,-0.402253026,NP,NP,NP,NP,1,1,0,1,0,1,0,0,0,0,0,0
Q8LQN6_ORYSJ,1.01E-05,-0.525486404,0.013364848,0.236585792,NP,NP,0.000175233,-0.628687174,1,0,1,1,1,0,0,0,0,1,0,1
Q8RU46_ORYSJ,0.006391542,-0.092179744,0.113261481,0.168217675,NP,NP,NP,NP,1,0,1,0,0,0,0,0,0,0,0,0
Q8RU47_ORYSJ,0.315984488,0.030990941,NP,NP,NP,NP,NP,NP,0,0,0,0,0,0,0,0,0,0,0,0
Q8RU51_ORYSJ,0.434369748,-0.00628641,0.393859199,0.033284882,NP,NP,NP,NP,0,0,0,0,0,0,0,0,0,0,0,0
Q8S0N2_ORYSJ,0.102961548,-0.088997771,0.133749419,-0.115466585,NP,NP,NP,NP,0,0,0,0,0,0,0,0,0,0,0,0
Q8S1U6_ORYSJ,0.321582658,-0.023687545,NP,NP,0.012636212,-0.145339259,NP,NP,0,0,0,0,0,0,1,0,1,0,0,0
Q8S5V3_ORYSJ,0.000376817,0.237225364,NP,NP,0.42237878,-0.005675575,NP,NP,1,1,0,0,0,0,0,0,0,0,0,0
Q8S9P7_ORYSJ,0.457385397,0.009205279,NP,NP,NP,NP,NP,NP,0,0,0,0,0,0,0,0,0,0,0,0
Q8W0I3_ORYSJ,0.167967525,0.063494549,0.000885274,1.878558103,NP,NP,NP,NP,0,0,0,1,1,0,0,0,0,0,0,0
Q8W2U9_ORYSJ,0.479642016,-0.003424059,NP,NP,5.17E-05,0.776646835,NP,NP,0,0,0,0,0,0,1,1,0,0,0,0
Q8W2V8_ORYSJ,0.002230012,-0.299887906,NP,NP,NP,NP,NP,NP,1,0,1,0,0,0,0,0,0,0,0,0
Q94H83_ORYSJ,0.012400959,-0.269199155,0.019407997,0.652216648,NP,NP,NP,NP,1,0,1,1,1,0,0,0,0,0,0,0
Q94LU7_ORYSJ,0.006291272,-0.156880122,0.001827908,0.708916195,0.001124331,0.174557328,0.015550942,-0.495899313,1,0,1,1,1,0,1,1,0,1,0,1
Q94LV9_ORYSJ,0.000721962,0.922336063,0.148834858,0.221007555,NP,NP,NP,NP,1,1,0,0,0,0,0,0,0,0,0,0
Q9ASD8_ORYSJ,0.000599171,0.967192912,NP,NP,NP,NP,NP,NP,1,1,0,0,0,0,0,0,0,0,0,0
Q9LGP3_ORYSJ,0.009357608,-0.35364601,NP,NP,NP,NP,NP,NP,1,0,1,0,0,0,0,0,0,0,0,0
RAP_ORYSJ,0.000121509,-0.412575013,NP,NP,NP,NP,NP,NP,1,0,1,0,0,0,0,0,0,0,0,0
RDR2_ORYSJ,0.212988612,-0.069703461,0.400410872,0.036862741,NP,NP,NP,NP,0,0,0,0,0,0,0,0,0,0,0,0
RH16_ORYSJ,0.23518321,-0.060147879,0.000231973,-0.860701681,NP,NP,NP,NP,0,0,0,1,0,1,0,0,0,0,0,0
RH3_ORYSJ,0.04942844,0.123374641,0.406964692,-0.021338847,NP,NP,NP,NP,1,1,0,0,0,0,0,0,0,0,0,0
ROC7_ORYSJ,0.005533659,0.495389423,NP,NP,NP,NP,NP,NP,1,1,0,0,0,0,0,0,0,0,0,0
ROS1A_ORYSJ,0.035601069,-0.260473754,0.377008434,-0.037539904,0.00179152,-0.334416888,0.013195908,-0.605088108,1,0,1,0,0,0,1,0,1,1,0,1
ROS1C_ORYSJ,0.001161636,0.365684414,NP,NP,0.002404162,-2.097949086,0.239342073,0.149294593,1,1,0,0,0,0,1,0,1,0,0,0
RPOC2_ORYSJ,0.00208532,0.253268558,0.439703755,0.01958445,0.345094691,0.008948773,0.008167381,2.344007462,1,1,0,0,0,0,0,0,0,1,1,0
RSH1_ORYSJ,0.005240559,-0.114941344,0.448710852,0.008721338,0.20379752,-0.042618145,NP,NP,1,0,1,0,0,0,0,0,0,0,0,0
RTOR2_ORYSJ,0.062864224,0.58787689,NP,NP,9.52E-05,0.729167522,NP,NP,0,0,0,0,0,0,1,1,0,0,0,0
SCRL1_ORYSJ,0.369438412,-0.018445218,0.004541515,-3.504785466,6.40E-06,0.546164142,0.22731371,0.225296194,0,0,0,1,0,1,1,1,0,0,0,0
SGS3_ORYSJ,0.403056336,0.016271123,NP,NP,NP,NP,NP,NP,0,0,0,0,0,0,0,0,0,0,0,0
SLRL2_ORYSJ,0.015689408,-0.147498776,NP,NP,NP,NP,NP,NP,1,0,1,0,0,0,0,0,0,0,0,0
SPSA3_ORYSJ,0.025177779,-0.585232352,NP,NP,0.002645588,1.502938062,NP,NP,1,0,1,0,0,0,1,1,0,0,0,0
SSDH_ORYSJ,0.008783541,-0.14695348,0.250719225,0.039821133,NP,NP,NP,NP,1,0,1,0,0,0,0,0,0,0,0,0
SSG4_ORYSJ,0.228963274,-1.651869295,0.389516874,-0.260848908,NP,NP,NP,NP,0,0,0,0,0,0,0,0,0,0,0,0
SWT7E_ORYSJ,0.392567503,-0.021809653,NP,NP,0.417208722,0.011640417,NP,NP,0,0,0,0,0,0,0,0,0,0,0,0
SYM_ORYSJ,0.349606346,0.020319638,0.015948734,0.252721083,NP,NP,NP,NP,0,0,0,1,1,0,0,0,0,0,0,0
TAF1_ORYSJ,0.003499194,0.18004474,0.0068854,0.529397949,0.004591012,0.124559401,0.032656486,-0.300743649,1,1,0,1,1,0,1,1,0,1,0,1
TNPO1_ORYSJ,0.115780871,-0.098688466,NP,NP,0.316586638,0.030456353,NP,NP,0,0,0,0,0,0,0,0,0,0,0,0
TRX1_ORYSJ,0.114801047,0.045367767,NP,NP,0.334572888,-0.018457975,NP,NP,0,0,0,0,0,0,0,0,0,0,0,0
XOAT7_ORYSJ,0.332605237,0.018841339,0.424627218,0.012219829,NP,NP,NP,NP,0,0,0,0,0,0,0,0,0,0,0,0
Y1237_ORYSJ,1.46E-05,0.790436715,NP,NP,0.006569588,-0.210180409,NP,NP,1,1,0,0,0,0,1,0,1,0,0,0
YAO_ORYSJ,0.09864937,-0.091751234,0.014392763,0.560234034,NP,NP,NP,NP,0,0,0,1,1,0,0,0,0,0,0,0
YSL15_ORYSJ,0.004772213,-0.134982991,0.029826544,-0.37093757,NP,NP,NP,NP,1,0,1,1,0,1,0,0,0,0,0,0
4CLL5_ORYSJ,NP,NP,0.000514261,0.635653637,NP,NP,0.002583204,-0.657858658,0,0,0,1,1,0,0,0,0,1,0,1
A0A0N7KCE4_ORYSJ,NP,NP,0.007678311,0.436589677,NP,NP,0.001829958,-0.692977549,0,0,0,1,1,0,0,0,0,1,0,1
A0A0N7KDE3_ORYSJ,NP,NP,0.352578364,0.06500717,NP,NP,0.352874167,0.057376781,0,0,0,0,0,0,0,0,0,0,0,0
A0A0N7KDH1_ORYSJ,NP,NP,0.383856717,-0.350029619,NP,NP,NP,NP,0,0,0,0,0,0,0,0,0,0,0,0
A0A0N7KDK7_ORYSJ,NP,NP,0.051076449,-0.570961345,NP,NP,0.111814205,2.907933902,0,0,0,0,0,0,0,0,0,0,0,0
A0A0N7KE27_ORYSJ,NP,NP,0.337987703,-0.036074244,NP,NP,NP,NP,0,0,0,0,0,0,0,0,0,0,0,0
A0A0N7KEX1_ORYSJ,NP,NP,0.282100255,0.244560905,NP,NP,NP,NP,0,0,0,0,0,0,0,0,0,0,0,0
A0A0N7KGA8_ORYSJ,NP,NP,0.294374441,-0.059966275,NP,NP,NP,NP,0,0,0,0,0,0,0,0,0,0,0,0
A0A0N7KIB8_ORYSJ,NP,NP,0.212958599,-0.210031871,NP,NP,0.382652721,0.11012863,0,0,0,0,0,0,0,0,0,0,0,0
A0A0N7KKL6_ORYSJ,NP,NP,0.130735236,0.183654905,NP,NP,0.004998705,0.16877547,0,0,0,0,0,0,0,0,0,1,1,0
A0A0N7KL01_ORYSJ,NP,NP,0.382019356,-0.018731016,NP,NP,NP,NP,0,0,0,0,0,0,0,0,0,0,0,0
A0A0N7KLK7_ORYSJ,NP,NP,0.0021877,0.747047976,NP,NP,NP,NP,0,0,0,1,1,0,0,0,0,0,0,0
A0A0N7KLZ5_ORYSJ,NP,NP,0.108762795,-0.367126609,NP,NP,0.246373949,-0.181839378,0,0,0,0,0,0,0,0,0,0,0,0
A0A0N7KMS3_ORYSJ,NP,NP,0.314856109,0.083566567,NP,NP,NP,NP,0,0,0,0,0,0,0,0,0,0,0,0
A0A0N7KPL6_ORYSJ,NP,NP,0.012221917,0.25204293,NP,NP,0.033894876,-0.321124915,0,0,0,1,1,0,0,0,0,1,0,1
A0A0N7KRQ8_ORYSJ,NP,NP,0.125578953,-0.214849216,NP,NP,NP,NP,0,0,0,0,0,0,0,0,0,0,0,0
A0A0N7KSR7_ORYSJ,NP,NP,0.017145837,-0.972356915,NP,NP,0.121082309,1.338639437,0,0,0,1,0,1,0,0,0,0,0,0
A0A0N7KSS5_ORYSJ,NP,NP,0.109380135,0.161191384,NP,NP,NP,NP,0,0,0,0,0,0,0,0,0,0,0,0
A0A0N7KSZ4_ORYSJ,NP,NP,0.036282747,-0.398304983,NP,NP,NP,NP,0,0,0,1,0,1,0,0,0,0,0,0
A0A0N7KUB7_ORYSJ,NP,NP,0.000461929,1.912297246,NP,NP,NP,NP,0,0,0,1,1,0,0,0,0,0,0,0
A0A0P0UXB1_ORYSJ,NP,NP,0.00115493,1.01506357,NP,NP,NP,NP,0,0,0,1,1,0,0,0,0,0,0,0
A0A0P0UYB9_ORYSJ,NP,NP,0.007349736,-0.481352048,NP,NP,0.000963237,2.075976147,0,0,0,1,0,1,0,0,0,1,1,0
A0A0P0UYP9_ORYSJ,NP,NP,0.002050458,0.674128899,NP,NP,NP,NP,0,0,0,1,1,0,0,0,0,0,0,0
A0A0P0V0N4_ORYSJ,NP,NP,0.05154065,0.677230317,NP,NP,NP,NP,0,0,0,0,0,0,0,0,0,0,0,0
A0A0P0V1R2_ORYSJ,NP,NP,0.121442202,0.47587822,NP,NP,NP,NP,0,0,0,0,0,0,0,0,0,0,0,0
A0A0P0V346_ORYSJ,NP,NP,0.000699666,0.779494255,NP,NP,NP,NP,0,0,0,1,1,0,0,0,0,0,0,0
A0A0P0V3N1_ORYSJ,NP,NP,0.461702525,0.012676232,0.107248656,0.037851896,0.007895802,-0.522287783,0,0,0,0,0,0,0,0,0,1,0,1
A0A0P0V5B4_ORYSJ,NP,NP,0.424627218,0.012219829,NP,NP,0.024126385,-0.477759413,0,0,0,0,0,0,0,0,0,1,0,1
A0A0P0V5C3_ORYSJ,NP,NP,0.01015123,-0.485706869,NP,NP,NP,NP,0,0,0,1,0,1,0,0,0,0,0,0
A0A0P0V749_ORYSJ,NP,NP,0.297802798,-0.102479092,NP,NP,0.157676005,0.181173007,0,0,0,0,0,0,0,0,0,0,0,0
A0A0P0V7G8_ORYSJ,NP,NP,0.028383498,-0.527868455,0.356467924,-0.144049815,NP,NP,0,0,0,1,0,1,0,0,0,0,0,0
A0A0P0V8Q5_ORYSJ,NP,NP,0.000472616,1.180485376,NP,NP,0.012268511,0.674008344,0,0,0,1,1,0,0,0,0,1,1,0
A0A0P0V949_ORYSJ,NP,NP,0.002176011,0.57626089,NP,NP,NP,NP,0,0,0,1,1,0,0,0,0,0,0,0
A0A0P0VAB3_ORYSJ,NP,NP,0.479669774,0.006429498,NP,NP,0.065135115,-0.179229022,0,0,0,0,0,0,0,0,0,0,0,0
A0A0P0VBQ7_ORYSJ,NP,NP,0.014103612,-0.623116382,NP,NP,0.012860785,0.267380782,0,0,0,1,0,1,0,0,0,1,1,0
A0A0P0VC43_ORYSJ,NP,NP,9.19E-05,2.764064105,NP,NP,NP,NP,0,0,0,1,1,0,0,0,0,0,0,0
A0A0P0VD52_ORYSJ,NP,NP,0.35247352,0.06076986,NP,NP,NP,NP,0,0,0,0,0,0,0,0,0,0,0,0
A0A0P0VD89_ORYSJ,NP,NP,0.181159168,1.187720898,NP,NP,NP,NP,0,0,0,0,0,0,0,0,0,0,0,0
A0A0P0VD95_ORYSJ,NP,NP,0.007010392,-0.286954889,NP,NP,0.239008673,0.140743632,0,0,0,1,0,1,0,0,0,0,0,0
A0A0P0VE90_ORYSJ,NP,NP,0.001309139,0.881390562,NP,NP,0.294978641,-0.097253456,0,0,0,1,1,0,0,0,0,0,0,0
A0A0P0VFN2_ORYSJ,NP,NP,0.041076837,-0.910900253,NP,NP,0.067504944,0.628536101,0,0,0,1,0,1,0,0,0,0,0,0
A0A0P0VFR4_ORYSJ,NP,NP,0.009702052,-0.476196718,NP,NP,0.052709752,1.02332504,0,0,0,1,0,1,0,0,0,0,0,0
A0A0P0VFU0_ORYSJ,NP,NP,0.166399016,-1.348114058,NP,NP,0.172921749,1.264382375,0,0,0,0,0,0,0,0,0,0,0,0
A0A0P0VGY6_ORYSJ,NP,NP,0.002210976,0.393165833,NP,NP,0.009765513,-0.264744301,0,0,0,1,1,0,0,0,0,1,0,1
A0A0P0VIH2_ORYSJ,NP,NP,0.455389637,0.019626012,NP,NP,0.003748846,-0.763790697,0,0,0,0,0,0,0,0,0,1,0,1
A0A0P0VM30_ORYSJ,NP,NP,0.436515134,-0.144904541,NP,NP,NP,NP,0,0,0,0,0,0,0,0,0,0,0,0
A0A0P0VPZ7_ORYSJ,NP,NP,0.000695295,1.756303394,NP,NP,NP,NP,0,0,0,1,1,0,0,0,0,0,0,0
A0A0P0VQW1_ORYSJ,NP,NP,0.165806665,-0.157067458,NP,NP,NP,NP,0,0,0,0,0,0,0,0,0,0,0,0
A0A0P0VRC2_ORYSJ,NP,NP,0.013139281,1.162629345,NP,NP,0.00660631,-0.250614565,0,0,0,1,1,0,0,0,0,1,0,1
A0A0P0VRD5_ORYSJ,NP,NP,0.302895454,0.066589407,NP,NP,0.439525848,-0.02488283,0,0,0,0,0,0,0,0,0,0,0,0
A0A0P0VSM4_ORYSJ,NP,NP,0.000298833,-0.596992595,NP,NP,0.232419827,0.790633068,0,0,0,1,0,1,0,0,0,0,0,0
A0A0P0VUV4_ORYSJ,NP,NP,0.131184486,-0.397420418,NP,NP,0.457532675,-0.033358036,0,0,0,0,0,0,0,0,0,0,0,0
A0A0P0VWU6_ORYSJ,NP,NP,0.389195484,0.035236887,NP,NP,0.124604676,-0.19036468,0,0,0,0,0,0,0,0,0,0,0,0
A0A0P0VXN2_ORYSJ,NP,NP,0.121815451,-0.243071698,NP,NP,NP,NP,0,0,0,0,0,0,0,0,0,0,0,0
A0A0P0VY91_ORYSJ,NP,NP,0.000410608,1.538973304,NP,NP,NP,NP,0,0,0,1,1,0,0,0,0,0,0,0
A0A0P0VYH3_ORYSJ,NP,NP,0.00015608,1.232450646,NP,NP,NP,NP,0,0,0,1,1,0,0,0,0,0,0,0
A0A0P0W0P8_ORYSJ,NP,NP,0.463011229,-0.016953424,NP,NP,0.011155989,0.593888858,0,0,0,0,0,0,0,0,0,1,1,0
A0A0P0W1N8_ORYSJ,NP,NP,0.166536447,0.093654936,NP,NP,0.02616926,-0.555884535,0,0,0,0,0,0,0,0,0,1,0,1
A0A0P0W399_ORYSJ,NP,NP,0.307449693,-0.137530768,NP,NP,0.02430299,0.945854515,0,0,0,0,0,0,0,0,0,1,1,0
A0A0P0W403_ORYSJ,NP,NP,0.005519217,-1.74268457,NP,NP,0.458830273,0.114221899,0,0,0,1,0,1,0,0,0,0,0,0
A0A0P0W5F4_ORYSJ,NP,NP,0.000122042,1.051718987,NP,NP,NP,NP,0,0,0,1,1,0,0,0,0,0,0,0
A0A0P0W5K2_ORYSJ,NP,NP,0.04802251,0.386987129,NP,NP,0.035970259,0.588140699,0,0,0,1,1,0,0,0,0,1,1,0
A0A0P0W6L8_ORYSJ,NP,NP,0.263253878,0.106272099,NP,NP,0.004268155,-0.313384255,0,0,0,0,0,0,0,0,0,1,0,1
A0A0P0W8W5_ORYSJ,NP,NP,0.000427609,0.484997316,NP,NP,NP,NP,0,0,0,1,1,0,0,0,0,0,0,0
A0A0P0W9S7_ORYSJ,NP,NP,0.057907781,-1.632922549,NP,NP,0.123002351,0.819097646,0,0,0,0,0,0,0,0,0,0,0,0
A0A0P0WAE2_ORYSJ,NP,NP,0.292266567,0.175194388,NP,NP,NP,NP,0,0,0,0,0,0,0,0,0,0,0,0
A0A0P0WAE9_ORYSJ,NP,NP,0.0013438,1.53573788,NP,NP,NP,NP,0,0,0,1,1,0,0,0,0,0,0,0
A0A0P0WAJ2_ORYSJ,NP,NP,0.010101097,-0.793041168,NP,NP,0.194827203,0.279667736,0,0,0,1,0,1,0,0,0,0,0,0
A0A0P0WAM8_ORYSJ,NP,NP,0.249221682,0.178962769,NP,NP,NP,NP,0,0,0,0,0,0,0,0,0,0,0,0
A0A0P0WB50_ORYSJ,NP,NP,0.013946777,-1.732246071,NP,NP,NP,NP,0,0,0,1,0,1,0,0,0,0,0,0
A0A0P0WBF4_ORYSJ,NP,NP,0.250719225,0.039821133,NP,NP,0.168579446,-0.072570895,0,0,0,0,0,0,0,0,0,0,0,0
A0A0P0WC88_ORYSJ,NP,NP,0.000372623,1.83955476,NP,NP,NP,NP,0,0,0,1,1,0,0,0,0,0,0,0
A0A0P0WDQ9_ORYSJ,NP,NP,0.049432367,-0.498203469,NP,NP,0.087266515,0.309040612,0,0,0,1,0,1,0,0,0,0,0,0
A0A0P0WES1_ORYSJ,NP,NP,0.038769265,0.345513413,NP,NP,NP,NP,0,0,0,1,1,0,0,0,0,0,0,0
A0A0P0WEY1_ORYSJ,NP,NP,0.2918245,0.097531053,NP,NP,0.002546617,-0.598480668,0,0,0,0,0,0,0,0,0,1,0,1
A0A0P0WF87_ORYSJ,NP,NP,0.113888695,0.393522768,NP,NP,0.422880504,-0.048334644,0,0,0,0,0,0,0,0,0,0,0,0
A0A0P0WFH6_ORYSJ,NP,NP,0.305541675,0.055354143,NP,NP,0.159177068,-1.066919901,0,0,0,0,0,0,0,0,0,0,0,0
A0A0P0WJ23_ORYSJ,NP,NP,0.015659139,0.325380879,NP,NP,0.015381157,-0.298670031,0,0,0,1,1,0,0,0,0,1,0,1
A0A0P0WJP2_ORYSJ,NP,NP,0.001309139,0.881390562,NP,NP,NP,NP,0,0,0,1,1,0,0,0,0,0,0,0
A0A0P0WJZ1_ORYSJ,NP,NP,0.000209537,1.638499669,NP,NP,NP,NP,0,0,0,1,1,0,0,0,0,0,0,0
A0A0P0WLE2_ORYSJ,NP,NP,0.020526904,-1.426488587,NP,NP,NP,NP,0,0,0,1,0,1,0,0,0,0,0,0
A0A0P0WNX9_ORYSJ,NP,NP,0.297128911,-0.070640175,NP,NP,NP,NP,0,0,0,0,0,0,0,0,0,0,0,0
A0A0P0WQ21_ORYSJ,NP,NP,0.00071797,1.763750486,NP,NP,0.223086807,-0.169051184,0,0,0,1,1,0,0,0,0,0,0,0
A0A0P0WR69_ORYSJ,NP,NP,0.339162436,0.044113435,NP,NP,NP,NP,0,0,0,0,0,0,0,0,0,0,0,0
A0A0P0WS06_ORYSJ,NP,NP,0.009479439,0.592230422,NP,NP,0.018619322,-0.548401461,0,0,0,1,1,0,0,0,0,1,0,1
A0A0P0WT49_ORYSJ,NP,NP,0.141334468,0.19457443,NP,NP,0.005824017,-0.567067257,0,0,0,0,0,0,0,0,0,1,0,1
A0A0P0WVS7_ORYSJ,NP,NP,0.004068617,-0.572856674,NP,NP,0.242687541,-0.26335918,0,0,0,1,0,1,0,0,0,0,0,0
A0A0P0WX83_ORYSJ,NP,NP,0.009708611,-0.80743424,NP,NP,0.041315847,0.387915281,0,0,0,1,0,1,0,0,0,1,1,0
A0A0P0WZ68_ORYSJ,NP,NP,0.016462183,0.230709745,5.76E-05,-0.416211464,0.196224996,-0.388088879,0,0,0,1,1,0,1,0,1,0,0,0
A0A0P0WZH2_ORYSJ,NP,NP,0.081578925,0.545022935,NP,NP,NP,NP,0,0,0,0,0,0,0,0,0,0,0,0
A0A0P0X088_ORYSJ,NP,NP,0.000308727,1.267273316,NP,NP,NP,NP,0,0,0,1,1,0,0,0,0,0,0,0
A0A0P0X0E1_ORYSJ,NP,NP,0.095586079,-0.277153059,NP,NP,NP,NP,0,0,0,0,0,0,0,0,0,0,0,0
A0A0P0X1Z2_ORYSJ,NP,NP,0.024861751,1.277339279,NP,NP,0.216591385,0.113248241,0,0,0,1,1,0,0,0,0,0,0,0
A0A0P0X214_ORYSJ,NP,NP,0.00131614,1.211114249,NP,NP,0.138022752,-0.264284042,0,0,0,1,1,0,0,0,0,0,0,0
A0A0P0X446_ORYSJ,NP,NP,0.109380135,0.161191384,NP,NP,0.370047552,-0.040419171,0,0,0,0,0,0,0,0,0,0,0,0
A0A0P0X4W4_ORYSJ,NP,NP,0.188342303,0.069759367,NP,NP,0.017914575,-0.135000211,0,0,0,0,0,0,0,0,0,1,0,1
A0A0P0X4X2_ORYSJ,NP,NP,0.425064928,-0.02000248,NP,NP,NP,NP,0,0,0,0,0,0,0,0,0,0,0,0
A0A0P0X517_ORYSJ,NP,NP,0.000943882,1.635252545,0.000169529,0.963616591,0.138586287,0.105915419,0,0,0,1,1,0,1,1,0,0,0,0
A0A0P0X578_ORYSJ,NP,NP,0.13306036,-6.868599069,NP,NP,0.126023017,5.341933957,0,0,0,0,0,0,0,0,0,0,0,0
A0A0P0X6A0_ORYSJ,NP,NP,0.00112546,1.656664339,NP,NP,NP,NP,0,0,0,1,1,0,0,0,0,0,0,0
A0A0P0X6T4_ORYSJ,NP,NP,0.397942259,-0.070850174,NP,NP,0.04035575,0.287285125,0,0,0,0,0,0,0,0,0,1,1,0
A0A0P0X6Y8_ORYSJ,NP,NP,0.019311471,0.516526641,0.246279657,0.040567604,0.088481025,-0.493284264,0,0,0,1,1,0,0,0,0,0,0,0
A0A0P0X7K0_ORYSJ,NP,NP,0.066225216,-0.534115595,NP,NP,NP,NP,0,0,0,0,0,0,0,0,0,0,0,0
A0A0P0X7P6_ORYSJ,NP,NP,0.008195388,0.291633287,NP,NP,0.414600297,0.045744245,0,0,0,1,1,0,0,0,0,0,0,0
A0A0P0X9R4_ORYSJ,NP,NP,0.24697214,0.048476684,NP,NP,NP,NP,0,0,0,0,0,0,0,0,0,0,0,0
A0A0P0XA29_ORYSJ,NP,NP,0.025761212,0.21288406,NP,NP,0.164672655,0.141759913,0,0,0,1,1,0,0,0,0,0,0,0
A0A0P0XB47_ORYSJ,NP,NP,0.126076541,0.349263668,0.020103833,-0.239571067,0.065510619,-0.471122955,0,0,0,0,0,0,1,0,1,0,0,0
A0A0P0XBI2_ORYSJ,NP,NP,0.001036202,-0.462138189,NP,NP,0.006286305,0.303624339,0,0,0,1,0,1,0,0,0,1,1,0
A0A0P0XCC9_ORYSJ,NP,NP,0.003442264,-3.09966431,NP,NP,NP,NP,0,0,0,1,0,1,0,0,0,0,0,0
A0A0P0XEJ7_ORYSJ,NP,NP,0.018801339,0.555980589,0.001011996,0.669707678,0.332987224,0.056134512,0,0,0,1,1,0,1,1,0,0,0,0
A0A0P0XF72_ORYSJ,NP,NP,0.24697214,0.048476684,NP,NP,NP,NP,0,0,0,0,0,0,0,0,0,0,0,0
A0A0P0XF94_ORYSJ,NP,NP,0.000374626,3.215160819,NP,NP,NP,NP,0,0,0,1,1,0,0,0,0,0,0,0
A0A0P0XGU7_ORYSJ,NP,NP,0.230584633,0.056966981,NP,NP,NP,NP,0,0,0,0,0,0,0,0,0,0,0,0
A0A0P0XHY2_ORYSJ,NP,NP,0.000788954,1.516335415,NP,NP,NP,NP,0,0,0,1,1,0,0,0,0,0,0,0
A0A0P0XIA6_ORYSJ,NP,NP,0.33641445,0.086637101,NP,NP,0.231498527,0.072022735,0,0,0,0,0,0,0,0,0,0,0,0
A0A0P0XJJ9_ORYSJ,NP,NP,0.031126393,-0.348047359,NP,NP,0.199650803,0.095561645,0,0,0,1,0,1,0,0,0,0,0,0
A0A0P0XJZ1_ORYSJ,NP,NP,0.066072987,0.21278966,NP,NP,NP,NP,0,0,0,0,0,0,0,0,0,0,0,0
A0A0P0XKM1_ORYSJ,NP,NP,0.312775535,-0.175158324,NP,NP,0.484581543,0.022106351,0,0,0,0,0,0,0,0,0,0,0,0
A0A0P0XNK6_ORYSJ,NP,NP,0.000699666,0.779494255,NP,NP,NP,NP,0,0,0,1,1,0,0,0,0,0,0,0
A0A0P0XPP3_ORYSJ,NP,NP,0.465584269,0.015264108,NP,NP,NP,NP,0,0,0,0,0,0,0,0,0,0,0,0
A0A0P0XQE2_ORYSJ,NP,NP,0.092640291,-0.192787485,NP,NP,0.340265366,0.045929261,0,0,0,0,0,0,0,0,0,0,0,0
A0A0P0XQG2_ORYSJ,NP,NP,0.432089316,0.103107699,NP,NP,NP,NP,0,0,0,0,0,0,0,0,0,0,0,0
A0A0P0XRC3_ORYSJ,NP,NP,0.010101689,0.274906397,0.284582215,0.022444439,NP,NP,0,0,0,1,1,0,0,0,0,0,0,0
A0A0P0XUL3_ORYSJ,NP,NP,0.156950358,0.10089501,NP,NP,NP,NP,0,0,0,0,0,0,0,0,0,0,0,0
A0A0P0XY54_ORYSJ,NP,NP,0.221565493,0.297879974,NP,NP,0.179977494,0.144127438,0,0,0,0,0,0,0,0,0,0,0,0
A0A0P0XYC1_ORYSJ,NP,NP,0.011292656,0.917913691,NP,NP,NP,NP,0,0,0,1,1,0,0,0,0,0,0,0
A0A0P0XYL0_ORYSJ,NP,NP,0.06513315,0.215206124,NP,NP,0.113586844,0.34829086,0,0,0,0,0,0,0,0,0,0,0,0
A0A0P0XYU6_ORYSJ,NP,NP,0.001050655,1.277901883,NP,NP,NP,NP,0,0,0,1,1,0,0,0,0,0,0,0
A0A0P0XZ15_ORYSJ,NP,NP,5.87E-05,4.449684202,NP,NP,NP,NP,0,0,0,1,1,0,0,0,0,0,0,0
A0A0P0XZM1_ORYSJ,NP,NP,0.007978947,-1.453727475,NP,NP,NP,NP,0,0,0,1,0,1,0,0,0,0,0,0
A0A0P0Y0S8_ORYSJ,NP,NP,0.01322518,0.310073438,0.142631298,-0.031832203,0.001977141,-0.364761529,0,0,0,1,1,0,0,0,0,1,0,1
A0A0P0Y0Y5_ORYSJ,NP,NP,0.074368446,-0.310219048,NP,NP,0.076009834,0.258329709,0,0,0,0,0,0,0,0,0,0,0,0
A0A0P0Y1V1_ORYSJ,NP,NP,0.177938872,-0.15234675,NP,NP,0.001480647,0.459922486,0,0,0,0,0,0,0,0,0,1,1,0
A0A0P0Y2I8_ORYSJ,NP,NP,0.427957268,0.029425339,NP,NP,NP,NP,0,0,0,0,0,0,0,0,0,0,0,0
A0A0P0Y3S1_ORYSJ,NP,NP,0.409906922,-0.046181473,NP,NP,0.015266804,0.247356864,0,0,0,0,0,0,0,0,0,1,1,0
A0A0P0Y414_ORYSJ,NP,NP,0.2763131,0.178887894,NP,NP,NP,NP,0,0,0,0,0,0,0,0,0,0,0,0
A0A0P0Y5G1_ORYSJ,NP,NP,0.157624669,-2.677286849,NP,NP,0.178353228,2.048554144,0,0,0,0,0,0,0,0,0,0,0,0
A0A0P0Y7S4_ORYSJ,NP,NP,0.123380039,0.13351568,NP,NP,0.179420408,0.715870408,0,0,0,0,0,0,0,0,0,0,0,0
A0A0P0Y808_ORYSJ,NP,NP,0.108922296,0.212491655,NP,NP,NP,NP,0,0,0,0,0,0,0,0,0,0,0,0
A0A0P0YAG0_ORYSJ,NP,NP,0.000454399,-1.250060407,NP,NP,NP,NP,0,0,0,1,0,1,0,0,0,0,0,0
A0A0P0YAJ7_ORYSJ,NP,NP,0.001245676,1.119508693,NP,NP,0.085110245,-0.495524046,0,0,0,1,1,0,0,0,0,0,0,0
A0A0P0YB64_ORYSJ,NP,NP,0.043650776,1.182709967,NP,NP,NP,NP,0,0,0,1,1,0,0,0,0,0,0,0
A0A0P0YC61_ORYSJ,NP,NP,0.025853731,-0.260271767,NP,NP,NP,NP,0,0,0,1,0,1,0,0,0,0,0,0
A0A0P0YC81_ORYSJ,NP,NP,0.498883429,-0.001175482,NP,NP,0.01341302,1.985794167,0,0,0,0,0,0,0,0,0,1,1,0
A0A0P0YD24_ORYSJ,NP,NP,0.001555735,1.502815182,0.006067182,-0.128593635,0.27469581,-0.22695332,0,0,0,1,1,0,1,0,1,0,0,0
A0A5S6R6T3_ORYSJ,NP,NP,0.030548857,-0.752444974,NP,NP,0.012418739,-0.326626505,0,0,0,1,0,1,0,0,0,1,0,1
A0A5S6R808_ORYSJ,NP,NP,0.070181545,-0.684402445,NP,NP,NP,NP,0,0,0,0,0,0,0,0,0,0,0,0
A0A5S6R8N0_ORYSJ,NP,NP,0.00151529,0.544609479,NP,NP,NP,NP,0,0,0,1,1,0,0,0,0,0,0,0
A0A5S6R8Y3_ORYSJ,NP,NP,0.001123346,1.128294231,NP,NP,NP,NP,0,0,0,1,1,0,0,0,0,0,0,0
A0A5S6RBJ2_ORYSJ,NP,NP,0.006501775,0.485797772,0.015577391,0.075398935,0.246806872,0.139222037,0,0,0,1,1,0,1,1,0,0,0,0
A0A5S6RDG1_ORYSJ,NP,NP,0.345420222,-0.42205509,NP,NP,NP,NP,0,0,0,0,0,0,0,0,0,0,0,0
A2ZSD2_ORYSJ,NP,NP,0.053772663,-0.32540671,NP,NP,NP,NP,0,0,0,0,0,0,0,0,0,0,0,0
A2ZTA4_ORYSJ,NP,NP,0.120412073,-0.435491097,NP,NP,0.196623558,0.281005416,0,0,0,0,0,0,0,0,0,0,0,0
A2ZV47_ORYSJ,NP,NP,0.001662944,2.876109165,NP,NP,0.203903356,-0.843872784,0,0,0,1,1,0,0,0,0,0,0,0
A2ZW03_ORYSJ,NP,NP,0.292266567,0.175194388,NP,NP,NP,NP,0,0,0,0,0,0,0,0,0,0,0,0
A3BK93_ORYSJ,NP,NP,0.061482834,-0.35739026,NP,NP,0.007395978,0.376484458,0,0,0,0,0,0,0,0,0,1,1,0
A3BLV7_ORYSJ,NP,NP,0.081495853,0.171507512,NP,NP,NP,NP,0,0,0,0,0,0,0,0,0,0,0,0
AB25G_ORYSJ,NP,NP,0.315883485,0.071706637,0.003305039,-0.573242787,0.018788243,-0.906231953,0,0,0,0,0,0,1,0,1,1,0,1
AB31G_ORYSJ,NP,NP,0.079884154,-0.427530911,NP,NP,NP,NP,0,0,0,0,0,0,0,0,0,0,0,0
AB35G_ORYSJ,NP,NP,0.053772663,-0.32540671,NP,NP,NP,NP,0,0,0,0,0,0,0,0,0,0,0,0
AB36G_ORYSJ,NP,NP,0.098649521,-0.670936019,NP,NP,NP,NP,0,0,0,0,0,0,0,0,0,0,0,0
AB37G_ORYSJ,NP,NP,0.010101689,0.274906397,NP,NP,NP,NP,0,0,0,1,1,0,0,0,0,0,0,0
AB38G_ORYSJ,NP,NP,0.086289239,-0.394179957,NP,NP,0.010580235,0.607767183,0,0,0,0,0,0,0,0,0,1,1,0
AB39G_ORYSJ,NP,NP,0.138300728,0.171026182,NP,NP,0.375438764,-0.053133151,0,0,0,0,0,0,0,0,0,0,0,0
AB41G_ORYSJ,NP,NP,0.143627541,-0.650792033,NP,NP,0.497736936,0.004863129,0,0,0,0,0,0,0,0,0,0,0,0
AB45G_ORYSJ,NP,NP,0.170154094,-0.376406046,6.34E-05,-1.032187447,0.104941596,0.478125747,0,0,0,0,0,0,1,0,1,0,0,0
ACA5_ORYSJ,NP,NP,0.009024718,1.074361252,NP,NP,0.032912632,2.057507004,0,0,0,1,1,0,0,0,0,1,1,0
AGLU_ORYSJ,NP,NP,0.029064303,0.532945047,NP,NP,NP,NP,0,0,0,1,1,0,0,0,0,0,0,0
APM1C_ORYSJ,NP,NP,5.05E-06,-1.045580159,NP,NP,0.0398718,-0.317146714,0,0,0,1,0,1,0,0,0,1,0,1
ARP8_ORYSJ,NP,NP,0.00151529,0.544609479,NP,NP,NP,NP,0,0,0,1,1,0,0,0,0,0,0,0
B7FAC9_ORYSJ,NP,NP,0.036328587,-0.341595586,NP,NP,NP,NP,0,0,0,1,0,1,0,0,0,0,0,0
B9FD23_ORYSJ,NP,NP,0.000608484,1.876739435,NP,NP,NP,NP,0,0,0,1,1,0,0,0,0,0,0,0
B9FES9_ORYSJ,NP,NP,0.001496928,-5.888709236,NP,NP,NP,NP,0,0,0,1,0,1,0,0,0,0,0,0
B9FUL5_ORYSJ,NP,NP,0.124009267,1.625149783,NP,NP,NP,NP,0,0,0,0,0,0,0,0,0,0,0,0
B9G9S5_ORYSJ,NP,NP,0.218766848,-0.029615471,NP,NP,0.029887359,0.292505034,0,0,0,0,0,0,0,0,0,1,1,0
BGA11_ORYSJ,NP,NP,3.89E-06,-2.180490573,NP,NP,NP,NP,0,0,0,1,0,1,0,0,0,0,0,0
BGL31_ORYSJ,NP,NP,0.306454726,-0.357471653,NP,NP,NP,NP,0,0,0,0,0,0,0,0,0,0,0,0
BIODA_ORYSJ,NP,NP,0.032247724,0.142267546,NP,NP,0.476358404,0.006666212,0,0,0,1,1,0,0,0,0,0,0,0
C7017_ORYSJ,NP,NP,0.287696404,0.080743824,NP,NP,NP,NP,0,0,0,0,0,0,0,0,0,0,0,0
C74A2_ORYSJ,NP,NP,0.050845039,-0.274208809,NP,NP,0.088930747,0.276721319,0,0,0,0,0,0,0,0,0,0,0,0
C76M7_ORYSJ,NP,NP,0.015981399,-1.641827135,NP,NP,NP,NP,0,0,0,1,0,1,0,0,0,0,0,0
C7IXQ5_ORYSJ,NP,NP,0.031423523,0.71966409,0.319935698,0.010430832,0.398096311,0.096130114,0,0,0,1,1,0,0,0,0,0,0,0
C7J0P7_ORYSJ,NP,NP,7.72E-05,-2.401881469,NP,NP,NP,NP,0,0,0,1,0,1,0,0,0,0,0,0
C7J464_ORYSJ,NP,NP,0.014877194,-0.274159543,0.000107293,-0.662463062,NP,NP,0,0,0,1,0,1,1,0,1,0,0,0
C7J7A2_ORYSJ,NP,NP,0.006803088,-4.749203837,NP,NP,0.322421593,-0.134578855,0,0,0,1,0,1,0,0,0,0,0,0
CADH4_ORYSJ,NP,NP,0.110374229,0.231287643,NP,NP,NP,NP,0,0,0,0,0,0,0,0,0,0,0,0
CAEH3_ORYSJ,NP,NP,0.020733141,-0.371723347,NP,NP,0.015972464,0.388958287,0,0,0,1,0,1,0,0,0,1,1,0
CARB_ORYSJ,NP,NP,0.023435124,-0.472537228,NP,NP,NP,NP,0,0,0,1,0,1,0,0,0,0,0,0
CAX1C_ORYSJ,NP,NP,0.435471774,0.030131369,NP,NP,NP,NP,0,0,0,0,0,0,0,0,0,0,0,0
CBP3_ORYSJ,NP,NP,0.006232035,-0.68466058,NP,NP,0.27583577,0.086358048,0,0,0,1,0,1,0,0,0,0,0,0
CCA1_ORYSJ,NP,NP,0.194341393,0.088238865,NP,NP,0.225532577,0.691742384,0,0,0,0,0,0,0,0,0,0,0,0
CDPKL_ORYSJ,NP,NP,0.010637988,0.255974874,NP,NP,0.115225693,0.223243474,0,0,0,1,1,0,0,0,0,0,0,0
CDPKP_ORYSJ,NP,NP,0.303319015,-0.068186447,NP,NP,NP,NP,0,0,0,0,0,0,0,0,0,0,0,0
CESA2_ORYSJ,NP,NP,0.474461469,-0.040617079,NP,NP,0.16294013,-0.142062572,0,0,0,0,0,0,0,0,0,0,0,0
CESA5_ORYSJ,NP,NP,0.006404907,-2.189498386,0.116854273,-0.068092107,NP,NP,0,0,0,1,0,1,0,0,0,0,0,0
CESA8_ORYSJ,NP,NP,0.005638959,-1.682253283,NP,NP,0.433090095,0.119339358,0,0,0,1,0,1,0,0,0,0,0,0
CIPKC_ORYSJ,NP,NP,0.000498946,-1.72621517,NP,NP,NP,NP,0,0,0,1,0,1,0,0,0,0,0,0
CLH2_ORYSJ,NP,NP,0.000103584,0.77120056,0.070662504,-0.753488175,0.334772299,-0.393776421,0,0,0,1,1,0,0,0,0,0,0,0
CMT2_ORYSJ,NP,NP,0.258287556,-0.097630915,NP,NP,0.251560995,0.176643951,0,0,0,0,0,0,0,0,0,0,0,0
CRSH3_ORYSJ,NP,NP,0.02829464,-0.90445399,NP,NP,0.365059273,0.08686414,0,0,0,1,0,1,0,0,0,0,0,0
CSLC7_ORYSJ,NP,NP,0.431968246,0.028247242,NP,NP,NP,NP,0,0,0,0,0,0,0,0,0,0,0,0
CSLE2_ORYSJ,NP,NP,0.001474797,1.001162562,NP,NP,0.001533355,-1.096996163,0,0,0,1,1,0,0,0,0,1,0,1
CSLF9_ORYSJ,NP,NP,0.459185785,-0.020465009,0.012105426,-0.931285736,0.072955525,-0.275303176,0,0,0,0,0,0,1,0,1,0,0,0
D53L_ORYSJ,NP,NP,0.133749419,-0.115466585,0.372790504,0.019313469,NP,NP,0,0,0,0,0,0,0,0,0,0,0,0
EIL1A_ORYSJ,NP,NP,0.099395922,-0.184516122,NP,NP,0.249578541,0.080367114,0,0,0,0,0,0,0,0,0,0,0,0
EL5_ORYSJ,NP,NP,0.067030415,0.253868449,NP,NP,NP,NP,0,0,0,0,0,0,0,0,0,0,0,0
ERS2_ORYSJ,NP,NP,0.013975899,-0.382085346,NP,NP,NP,NP,0,0,0,1,0,1,0,0,0,0,0,0
EXP21_ORYSJ,NP,NP,0.026205712,-0.213637763,NP,NP,0.295780186,0.230804704,0,0,0,1,0,1,0,0,0,0,0,0
FAN1_ORYSJ,NP,NP,0.304870034,0.055537129,0.012955133,0.045694646,0.004095018,-0.581992017,0,0,0,0,0,0,1,1,0,1,0,1
FH18_ORYSJ,NP,NP,0.032162045,0.290870546,NP,NP,0.188448087,0.96241639,0,0,0,1,1,0,0,0,0,0,0,0
FLS2_ORYSJ,NP,NP,0.49169236,0.007029992,0.390964122,-0.08562148,0.028725383,0.577644779,0,0,0,0,0,0,0,0,0,1,1,0
FTSH7_ORYSJ,NP,NP,0.318878607,-0.043381921,NP,NP,NP,NP,0,0,0,0,0,0,0,0,0,0,0,0
GLT2_ORYSJ,NP,NP,0.397942259,-0.070850174,0.004559934,-1.863302448,0.092440777,-0.856131256,0,0,0,0,0,0,1,0,1,0,0,0
GPDA_ORYSJ,NP,NP,0.000300015,1.175728689,NP,NP,0.018644746,0.309896902,0,0,0,1,1,0,0,0,0,1,1,0
GUN8_ORYSJ,NP,NP,0.008109362,0.489038632,NP,NP,0.225262914,0.097601474,0,0,0,1,1,0,0,0,0,0,0,0
HAK1_ORYSJ,NP,NP,0.002308203,-1.736894692,NP,NP,NP,NP,0,0,0,1,0,1,0,0,0,0,0,0
HAK11_ORYSJ,NP,NP,0.014114381,0.410182027,NP,NP,0.070095135,-0.168494132,0,0,0,1,1,0,0,0,0,0,0,0
HAK21_ORYSJ,NP,NP,0.281641213,-0.944041059,NP,NP,0.456830256,0.135807843,0,0,0,0,0,0,0,0,0,0,0,0
HAK3_ORYSJ,NP,NP,0.050700928,0.430343778,NP,NP,0.202579686,-0.115557722,0,0,0,0,0,0,0,0,0,0,0,0
HEM3_ORYSJ,NP,NP,0.05154065,0.677230317,0.000573524,0.806768727,NP,NP,0,0,0,0,0,0,1,1,0,0,0,0
HMA9_ORYSJ,NP,NP,0.274958268,0.166134275,NP,NP,NP,NP,0,0,0,0,0,0,0,0,0,0,0,0
HSFA5_ORYSJ,NP,NP,0.02567272,0.242530298,NP,NP,0.051462361,-0.284606302,0,0,0,1,1,0,0,0,0,0,0,0
KINUB_ORYSJ,NP,NP,0.36634984,-0.112002153,NP,NP,0.073290311,-0.841377202,0,0,0,0,0,0,0,0,0,0,0,0
KN12G_ORYSJ,NP,NP,0.492798292,-0.003707636,NP,NP,0.083332803,-1.050638823,0,0,0,0,0,0,0,0,0,0,0,0
KN14D_ORYSJ,NP,NP,0.015981399,-1.641827135,NP,NP,NP,NP,0,0,0,1,0,1,0,0,0,0,0,0
KN7C_ORYSJ,NP,NP,0.000467519,1.419611059,NP,NP,NP,NP,0,0,0,1,1,0,0,0,0,0,0,0
KS1_ORYSJ,NP,NP,0.226053553,-0.193763669,NP,NP,0.083503974,-0.427876621,0,0,0,0,0,0,0,0,0,0,0,0
KU70_ORYSJ,NP,NP,0.000933818,-0.888693577,NP,NP,NP,NP,0,0,0,1,0,1,0,0,0,0,0,0
LDL1_ORYSJ,NP,NP,0.409906922,-0.046181473,NP,NP,NP,NP,0,0,0,0,0,0,0,0,0,0,0,0
LFL1_ORYSJ,NP,NP,0.16186712,0.163687296,NP,NP,NP,NP,0,0,0,0,0,0,0,0,0,0,0,0
LOX5_ORYSJ,NP,NP,0.000319883,-0.811374342,NP,NP,NP,NP,0,0,0,1,0,1,0,0,0,0,0,0
LPR5_ORYSJ,NP,NP,0.027369947,-0.36141841,NP,NP,0.411177638,0.113396723,0,0,0,1,0,1,0,0,0,0,0,0
MAD20_ORYSJ,NP,NP,0.08492862,-0.169439708,NP,NP,NP,NP,0,0,0,0,0,0,0,0,0,0,0,0
MPK4_ORYSJ,NP,NP,0.001224771,2.003211681,NP,NP,NP,NP,0,0,0,1,1,0,0,0,0,0,0,0
MTP1_ORYSJ,NP,NP,0.003933904,-0.382931351,NP,NP,0.054062098,0.117062346,0,0,0,1,0,1,0,0,0,0,0,0
MUS81_ORYSJ,NP,NP,0.118734918,-0.403890554,NP,NP,NP,NP,0,0,0,0,0,0,0,0,0,0,0,0
MYBS3_ORYSJ,NP,NP,0.097890893,-4.922883992,NP,NP,NP,NP,0,0,0,0,0,0,0,0,0,0,0,0
NCPR1_ORYSJ,NP,NP,0.075219161,0.30471693,NP,NP,NP,NP,0,0,0,0,0,0,0,0,0,0,0,0
NRAM4_ORYSJ,NP,NP,0.084033053,-0.276195287,NP,NP,NP,NP,0,0,0,0,0,0,0,0,0,0,0,0
O82522_ORYSJ,NP,NP,0.313379774,0.341355819,NP,NP,NP,NP,0,0,0,0,0,0,0,0,0,0,0,0
P2C75_ORYSJ,NP,NP,0.386856896,0.040065365,NP,NP,0.087252605,-0.09869615,0,0,0,0,0,0,0,0,0,0,0,0
PHYC_ORYSJ,NP,NP,0.427600902,-0.019644349,NP,NP,NP,NP,0,0,0,0,0,0,0,0,0,0,0,0
PIK5_ORYSJ,NP,NP,0.30297035,-0.056204587,0.331331704,0.039778091,0.201180897,0.087273531,0,0,0,0,0,0,0,0,0,0,0,0
PPT1_ORYSJ,NP,NP,0.249221682,0.178962769,NP,NP,NP,NP,0,0,0,0,0,0,0,0,0,0,0,0
PSA_ORYSJ,NP,NP,0.275107596,0.122048303,NP,NP,0.276238963,-0.150158624,0,0,0,0,0,0,0,0,0,0,0,0
Q0D3H5_ORYSJ,NP,NP,0.435159908,0.074202516,NP,NP,0.437721712,-0.039248064,0,0,0,0,0,0,0,0,0,0,0,0
Q0D457_ORYSJ,NP,NP,0.003813283,0.519711908,NP,NP,NP,NP,0,0,0,1,1,0,0,0,0,0,0,0
Q0D4N6_ORYSJ,NP,NP,0.460030416,0.031051908,NP,NP,0.057784526,5.131051867,0,0,0,0,0,0,0,0,0,0,0,0
Q0D5G1_ORYSJ,NP,NP,0.424983515,0.08175878,NP,NP,NP,NP,0,0,0,0,0,0,0,0,0,0,0,0
Q0D602_ORYSJ,NP,NP,0.424627218,0.012219829,NP,NP,0.013974148,0.469352918,0,0,0,0,0,0,0,0,0,1,1,0
Q0D6E5_ORYSJ,NP,NP,0.285922722,-0.230348825,NP,NP,NP,NP,0,0,0,0,0,0,0,0,0,0,0,0
Q0D6N3_ORYSJ,NP,NP,0.088059179,0.601004555,NP,NP,0.011495326,-0.347357897,0,0,0,0,0,0,0,0,0,1,0,1
Q0D934_ORYSJ,NP,NP,0.473691707,-0.011476093,NP,NP,NP,NP,0,0,0,0,0,0,0,0,0,0,0,0
Q0D948_ORYSJ,NP,NP,0.079884154,-0.427530911,NP,NP,NP,NP,0,0,0,0,0,0,0,0,0,0,0,0
Q0DCW2_ORYSJ,NP,NP,0.021440482,-1.256683823,NP,NP,0.325572687,0.086462777,0,0,0,1,0,1,0,0,0,0,0,0
Q0DHI3_ORYSJ,NP,NP,0.018804931,-0.410459965,NP,NP,0.032164394,0.374567355,0,0,0,1,0,1,0,0,0,1,1,0
Q0DJC3_ORYSJ,NP,NP,0.155997682,0.101144936,0.120602622,0.03273584,0.040221711,-0.354451507,0,0,0,0,0,0,0,0,0,1,0,1
Q0DKM2_ORYSJ,NP,NP,0.448778389,0.009266695,NP,NP,NP,NP,0,0,0,0,0,0,0,0,0,0,0,0
Q0DL71_ORYSJ,NP,NP,0.00051478,3.367229592,NP,NP,NP,NP,0,0,0,1,1,0,0,0,0,0,0,0
Q0DLF7_ORYSJ,NP,NP,0.157252989,0.239863859,NP,NP,NP,NP,0,0,0,0,0,0,0,0,0,0,0,0
Q0DR18_ORYSJ,NP,NP,0.203554987,-0.559631739,1.98E-05,1.094665612,NP,NP,0,0,0,0,0,0,1,1,0,0,0,0
Q0DRT9_ORYSJ,NP,NP,0.129928831,-0.207439234,NP,NP,0.006486799,1.13060582,0,0,0,0,0,0,0,0,0,1,1,0
Q0DU12_ORYSJ,NP,NP,0.056628948,-0.317580591,NP,NP,0.04457587,0.100136636,0,0,0,0,0,0,0,0,0,1,1,0
Q0DYF8_ORYSJ,NP,NP,0.079884154,-0.427530911,NP,NP,0.037810404,0.522260646,0,0,0,0,0,0,0,0,0,1,1,0
Q0DZH4_ORYSJ,NP,NP,0.339162436,0.044113435,NP,NP,NP,NP,0,0,0,0,0,0,0,0,0,0,0,0
Q0E2W4_ORYSJ,NP,NP,0.000496526,-0.665283459,NP,NP,NP,NP,0,0,0,1,0,1,0,0,0,0,0,0
Q0E2Z5_ORYSJ,NP,NP,0.0024864,0.392915259,NP,NP,NP,NP,0,0,0,1,1,0,0,0,0,0,0,0
Q0E3U9_ORYSJ,NP,NP,0.075976635,0.231568331,NP,NP,0.011366607,1.428536168,0,0,0,0,0,0,0,0,0,1,1,0
Q0IWT8_ORYSJ,NP,NP,0.223216471,0.079790148,NP,NP,0.009190426,-0.306942069,0,0,0,0,0,0,0,0,0,1,0,1
Q0IXV2_ORYSJ,NP,NP,0.498413358,-0.000805785,NP,NP,NP,NP,0,0,0,0,0,0,0,0,0,0,0,0
Q0J0L4_ORYSJ,NP,NP,0.000442664,-2.725750576,NP,NP,0.018190575,0.57891947,0,0,0,1,0,1,0,0,0,1,1,0
Q0J9D7_ORYSJ,NP,NP,0.041655163,-0.382044576,NP,NP,NP,NP,0,0,0,1,0,1,0,0,0,0,0,0
Q0JA85_ORYSJ,NP,NP,0.003442264,-3.09966431,NP,NP,NP,NP,0,0,0,1,0,1,0,0,0,0,0,0
Q0JAJ0_ORYSJ,NP,NP,0.110374229,0.231287643,NP,NP,NP,NP,0,0,0,0,0,0,0,0,0,0,0,0
Q0JAJ3_ORYSJ,NP,NP,0.268706273,0.104987476,NP,NP,NP,NP,0,0,0,0,0,0,0,0,0,0,0,0
Q0JBJ4_ORYSJ,NP,NP,0.00155744,-2.740168138,NP,NP,0.001468409,2.443931004,0,0,0,1,0,1,0,0,0,1,1,0
Q0JBL5_ORYSJ,NP,NP,0.474461469,-0.040617079,NP,NP,0.205834967,0.138116397,0,0,0,0,0,0,0,0,0,0,0,0
Q0JD33_ORYSJ,NP,NP,0.359364139,0.04962737,NP,NP,NP,NP,0,0,0,0,0,0,0,0,0,0,0,0
Q0JDA3_ORYSJ,NP,NP,0.146357655,0.115596424,NP,NP,0.01657019,0.679453305,0,0,0,0,0,0,0,0,0,1,1,0
Q0JDP0_ORYSJ,NP,NP,0.127801479,-0.344576864,NP,NP,0.233965421,0.203433348,0,0,0,0,0,0,0,0,0,0,0,0
Q0JE52_ORYSJ,NP,NP,0.239104055,0.134031455,NP,NP,NP,NP,0,0,0,0,0,0,0,0,0,0,0,0
Q0JEW2_ORYSJ,NP,NP,0.000864486,-1.325089088,NP,NP,0.262125982,0.103100316,0,0,0,1,0,1,0,0,0,0,0,0
Q0JF45_ORYSJ,NP,NP,0.217573794,-0.150696852,NP,NP,0.254127483,-0.106233256,0,0,0,0,0,0,0,0,0,0,0,0
Q0JFL8_ORYSJ,NP,NP,0.448778389,0.009266695,NP,NP,0.424660538,0.049512259,0,0,0,0,0,0,0,0,0,0,0,0
Q0JFV9_ORYSJ,NP,NP,0.080193514,2.581008727,NP,NP,NP,NP,0,0,0,0,0,0,0,0,0,0,0,0
Q0JH46_ORYSJ,NP,NP,0.00160413,-2.225950669,NP,NP,0.012858231,0.84506788,0,0,0,1,0,1,0,0,0,1,1,0
Q0JL95_ORYSJ,NP,NP,0.283042738,0.57659368,NP,NP,NP,NP,0,0,0,0,0,0,0,0,0,0,0,0
Q0JLZ9_ORYSJ,NP,NP,0.016218757,-0.384399895,NP,NP,0.248871498,0.015160951,0,0,0,1,0,1,0,0,0,0,0,0
Q0JMX7_ORYSJ,NP,NP,0.299899945,0.057003532,NP,NP,0.242029914,0.072696254,0,0,0,0,0,0,0,0,0,0,0,0
Q0JPE2_ORYSJ,NP,NP,0.119660404,0.497425951,NP,NP,NP,NP,0,0,0,0,0,0,0,0,0,0,0,0
Q0JQ79_ORYSJ,NP,NP,0.000493439,-6.009694732,NP,NP,0.000743558,3.384274861,0,0,0,1,0,1,0,0,0,1,1,0
Q0JRF3_ORYSJ,NP,NP,0.020610457,-0.714130719,NP,NP,0.026577068,0.622207853,0,0,0,1,0,1,0,0,0,1,1,0
Q109S4_ORYSJ,NP,NP,0.000308727,1.267273316,0.000583131,0.339714257,NP,NP,0,0,0,1,1,0,1,1,0,0,0,0
Q10E10_ORYSJ,NP,NP,0.090032885,-0.667834319,NP,NP,NP,NP,0,0,0,0,0,0,0,0,0,0,0,0
Q10IZ0_ORYSJ,NP,NP,0.00043712,-0.629718743,NP,NP,0.000548935,0.466410346,0,0,0,1,0,1,0,0,0,1,1,0
Q10JZ3_ORYSJ,NP,NP,0.090954343,0.140406238,NP,NP,0.013405338,-0.365178724,0,0,0,0,0,0,0,0,0,1,0,1
Q10L20_ORYSJ,NP,NP,0.08829843,-0.608267811,NP,NP,NP,NP,0,0,0,0,0,0,0,0,0,0,0,0
Q10M36_ORYSJ,NP,NP,0.13670213,-0.268180124,NP,NP,NP,NP,0,0,0,0,0,0,0,0,0,0,0,0
Q10P70_ORYSJ,NP,NP,0.314856109,0.083566567,NP,NP,NP,NP,0,0,0,0,0,0,0,0,0,0,0,0
Q10PS7_ORYSJ,NP,NP,0.148051093,-0.73801702,NP,NP,0.008702396,#NUM!,0,0,0,0,0,0,0,0,0,1,0,0
Q10Q30_ORYSJ,NP,NP,0.000695295,1.756303394,2.36E-05,1.113411496,0.209630261,-0.298882058,0,0,0,1,1,0,1,1,0,0,0,0
Q10Q54_ORYSJ,NP,NP,0.007010392,-0.286954889,NP,NP,0.264918442,0.276792396,0,0,0,1,0,1,0,0,0,0,0,0
Q10QF7_ORYSJ,NP,NP,0.238207531,-0.203163972,NP,NP,NP,NP,0,0,0,0,0,0,0,0,0,0,0,0
Q10QY3_ORYSJ,NP,NP,0.20445487,0.061579001,NP,NP,0.015561263,-0.450110582,0,0,0,0,0,0,0,0,0,1,0,1
Q10RG1_ORYSJ,NP,NP,0.450394507,-0.015575361,0.120092733,0.129558944,0.484616944,-0.003969766,0,0,0,0,0,0,0,0,0,0,0,0
Q10SR3_ORYSJ,NP,NP,0.318878607,-0.043381921,NP,NP,0.024738746,-0.150960377,0,0,0,0,0,0,0,0,0,1,0,1
Q10SU1_ORYSJ,NP,NP,0.081136481,-0.410900767,NP,NP,NP,NP,0,0,0,0,0,0,0,0,0,0,0,0
Q10SU9_ORYSJ,NP,NP,9.71E-05,-1.419407317,3.04E-05,-3.746626441,NP,NP,0,0,0,1,0,1,1,0,1,0,0,0
Q2QM21_ORYSJ,NP,NP,0.11760986,-0.131623054,NP,NP,0.040525909,0.506381095,0,0,0,0,0,0,0,0,0,1,1,0
Q2QM65_ORYSJ,NP,NP,0.364535954,-0.061676636,NP,NP,0.491040035,-0.003720787,0,0,0,0,0,0,0,0,0,0,0,0
Q2QM90_ORYSJ,NP,NP,0.465584269,0.015264108,NP,NP,NP,NP,0,0,0,0,0,0,0,0,0,0,0,0
Q2QM91_ORYSJ,NP,NP,4.40E-05,-0.893262408,NP,NP,0.205552149,-0.397008247,0,0,0,1,0,1,0,0,0,0,0,0
Q2QMA0_ORYSJ,NP,NP,0.003218701,-4.607350668,NP,NP,0.003042991,4.677482993,0,0,0,1,0,1,0,0,0,1,1,0
Q2QMD9_ORYSJ,NP,NP,0.170449257,0.196235992,NP,NP,0.041490383,-0.366088013,0,0,0,0,0,0,0,0,0,1,0,1
Q2QN57_ORYSJ,NP,NP,0.000198855,-0.940010465,NP,NP,NP,NP,0,0,0,1,0,1,0,0,0,0,0,0
Q2QNC7_ORYSJ,NP,NP,0.45949868,0.021991687,NP,NP,NP,NP,0,0,0,0,0,0,0,0,0,0,0,0
Q2QUP8_ORYSJ,NP,NP,0.000177468,-0.3960426,NP,NP,NP,NP,0,0,0,1,0,1,0,0,0,0,0,0
Q2QVL7_ORYSJ,NP,NP,0.0375785,-0.526563618,NP,NP,0.037713906,-0.372984283,0,0,0,1,0,1,0,0,0,1,0,1
Q2QW32_ORYSJ,NP,NP,0.053483965,-0.337677191,NP,NP,NP,NP,0,0,0,0,0,0,0,0,0,0,0,0
Q2QWU6_ORYSJ,NP,NP,0.424983515,0.08175878,NP,NP,NP,NP,0,0,0,0,0,0,0,0,0,0,0,0
Q2QX16_ORYSJ,NP,NP,0.262895171,-0.080968747,NP,NP,0.491508085,-0.003015455,0,0,0,0,0,0,0,0,0,0,0,0
Q2QYY3_ORYSJ,NP,NP,0.097274478,-0.553780827,0.480408993,0.006335857,0.136466413,1.261269849,0,0,0,0,0,0,0,0,0,0,0,0
Q2QZS0_ORYSJ,NP,NP,0.192355606,-0.181717919,NP,NP,NP,NP,0,0,0,0,0,0,0,0,0,0,0,0
Q2R0M4_ORYSJ,NP,NP,0.031992028,-0.335497411,0.009607478,-0.114473544,0.081063106,-0.500567717,0,0,0,1,0,1,1,0,1,0,0,0
Q2R105_ORYSJ,NP,NP,0.001662723,1.0759833,NP,NP,NP,NP,0,0,0,1,1,0,0,0,0,0,0,0
Q2R1Q3_ORYSJ,NP,NP,0.038697027,-0.330644427,0.448153363,-0.00282516,0.034285358,0.326928137,0,0,0,1,0,1,0,0,0,1,1,0
Q2R1S1_ORYSJ,NP,NP,3.38E-06,4.562291259,NP,NP,NP,NP,0,0,0,1,1,0,0,0,0,0,0,0
Q2R2D4_ORYSJ,NP,NP,0.001901245,0.664539947,NP,NP,NP,NP,0,0,0,1,1,0,0,0,0,0,0,0
Q2R3B8_ORYSJ,NP,NP,0.008109362,0.489038632,NP,NP,NP,NP,0,0,0,1,1,0,0,0,0,0,0,0
Q2R3V6_ORYSJ,NP,NP,0.014954027,1.713119958,NP,NP,NP,NP,0,0,0,1,1,0,0,0,0,0,0,0
Q2RAN1_ORYSJ,NP,NP,0.13122935,0.158971908,0.083825974,-0.904719795,0.007546768,-2.883078566,0,0,0,0,0,0,0,0,0,1,0,1
Q336X5_ORYSJ,NP,NP,0.132882132,0.381630549,NP,NP,NP,NP,0,0,0,0,0,0,0,0,0,0,0,0
Q337M0_ORYSJ,NP,NP,0.008504682,0.239031222,NP,NP,0.282179018,-0.03088414,0,0,0,1,1,0,0,0,0,0,0,0
Q337T3_ORYSJ,NP,NP,0.007976991,-3.445832169,NP,NP,0.035746895,-0.356500788,0,0,0,1,0,1,0,0,0,1,0,1
Q53KR8_ORYSJ,NP,NP,0.323959918,0.029959476,NP,NP,0.0416546,-0.279768448,0,0,0,0,0,0,0,0,0,1,0,1
Q53MC9_ORYSJ,NP,NP,0.447569628,-0.107034268,NP,NP,NP,NP,0,0,0,0,0,0,0,0,0,0,0,0
Q53MQ7_ORYSJ,NP,NP,0.071221095,-0.536358373,NP,NP,0.388266567,0.059068452,0,0,0,0,0,0,0,0,0,0,0,0
Q53P27_ORYSJ,NP,NP,0.236163706,-0.145853539,NP,NP,NP,NP,0,0,0,0,0,0,0,0,0,0,0,0
Q53Q77_ORYSJ,NP,NP,0.248451721,-0.184326618,NP,NP,NP,NP,0,0,0,0,0,0,0,0,0,0,0,0
Q53WM9_ORYSJ,NP,NP,0.146244838,-0.308151746,NP,NP,0.182796165,-3.051317446,0,0,0,0,0,0,0,0,0,0,0,0
Q5N755_ORYSJ,NP,NP,0.01747342,-0.236253201,NP,NP,0.004372186,0.239604201,0,0,0,1,0,1,0,0,0,1,1,0
Q5N9P9_ORYSJ,NP,NP,0.041951557,-0.169889792,NP,NP,0.271569309,0.056748564,0,0,0,1,0,1,0,0,0,0,0,0
Q5N9Y5_ORYSJ,NP,NP,0.105655309,-0.637403176,NP,NP,0.177325613,0.294524426,0,0,0,0,0,0,0,0,0,0,0,0
Q5QLJ2_ORYSJ,NP,NP,0.078397773,0.188527129,NP,NP,NP,NP,0,0,0,0,0,0,0,0,0,0,0,0
Q5QLP6_ORYSJ,NP,NP,0.427637892,-0.151695633,NP,NP,NP,NP,0,0,0,0,0,0,0,0,0,0,0,0
Q5QNE0_ORYSJ,NP,NP,0.027303778,-0.376981302,NP,NP,0.179318683,-0.166271951,0,0,0,1,0,1,0,0,0,0,0,0
Q5SND7_ORYSJ,NP,NP,0.001672956,1.24025198,NP,NP,NP,NP,0,0,0,1,1,0,0,0,0,0,0,0
Q5SNF8_ORYSJ,NP,NP,0.079965968,0.116757176,NP,NP,NP,NP,0,0,0,0,0,0,0,0,0,0,0,0
Q5TKF2_ORYSJ,NP,NP,0.078819557,-0.301955952,0.44235726,-0.013440874,0.366706101,0.137929497,0,0,0,0,0,0,0,0,0,0,0,0
Q5TKJ2_ORYSJ,NP,NP,0.008504682,0.239031222,NP,NP,0.269682947,-0.137818976,0,0,0,1,1,0,0,0,0,0,0,0
Q5VPG7_ORYSJ,NP,NP,0.148393911,0.202177521,NP,NP,NP,NP,0,0,0,0,0,0,0,0,0,0,0,0
Q5VQB1_ORYSJ,NP,NP,0.003987889,2.442680845,NP,NP,NP,NP,0,0,0,1,1,0,0,0,0,0,0,0
Q5VR43_ORYSJ,NP,NP,0.001662944,2.876109165,NP,NP,NP,NP,0,0,0,1,1,0,0,0,0,0,0,0
Q5VS27_ORYSJ,NP,NP,0.30232704,0.474137758,NP,NP,NP,NP,0,0,0,0,0,0,0,0,0,0,0,0
Q5VS57_ORYSJ,NP,NP,0.000879644,3.143440095,NP,NP,NP,NP,0,0,0,1,1,0,0,0,0,0,0,0
Q5WMS9_ORYSJ,NP,NP,0.000734934,1.264899662,NP,NP,0.228084102,-0.086292258,0,0,0,1,1,0,0,0,0,0,0,0
Q5Z4E0_ORYSJ,NP,NP,0.002515275,-0.379965282,NP,NP,NP,NP,0,0,0,1,0,1,0,0,0,0,0,0
Q5Z4G6_ORYSJ,NP,NP,0.135919512,0.825234138,NP,NP,NP,NP,0,0,0,0,0,0,0,0,0,0,0,0
Q5Z6J3_ORYSJ,NP,NP,0.325748933,-0.096527,NP,NP,NP,NP,0,0,0,0,0,0,0,0,0,0,0,0
Q5Z6P9_ORYSJ,NP,NP,0.016046084,#NUM!,NP,NP,NP,NP,0,0,0,1,0,0,0,0,0,0,0,0
Q5Z787_ORYSJ,NP,NP,0.172858468,0.262073489,NP,NP,0.215896996,0.140641755,0,0,0,0,0,0,0,0,0,0,0,0
Q5Z7H5_ORYSJ,NP,NP,0.445012577,-0.018002213,NP,NP,NP,NP,0,0,0,0,0,0,0,0,0,0,0,0
Q5ZAV7_ORYSJ,NP,NP,0.492663636,0.004577788,NP,NP,NP,NP,0,0,0,0,0,0,0,0,0,0,0,0
Q5ZCB1_ORYSJ,NP,NP,0.345492514,-0.057050056,NP,NP,0.282117561,-0.236649468,0,0,0,0,0,0,0,0,0,0,0,0
Q5ZCG4_ORYSJ,NP,NP,0.000372623,1.83955476,NP,NP,NP,NP,0,0,0,1,1,0,0,0,0,0,0,0
Q5ZCQ7_ORYSJ,NP,NP,0.022752396,-1.30513859,NP,NP,NP,NP,0,0,0,1,0,1,0,0,0,0,0,0
Q60D69_ORYSJ,NP,NP,0.473691707,-0.011476093,0.002673024,0.68259731,NP,NP,0,0,0,0,0,0,1,1,0,0,0,0
Q655J4_ORYSJ,NP,NP,0.097274478,-0.553780827,NP,NP,0.149599152,-0.14868263,0,0,0,0,0,0,0,0,0,0,0,0
Q67IT7_ORYSJ,NP,NP,0.179952973,0.180727161,NP,NP,NP,NP,0,0,0,0,0,0,0,0,0,0,0,0
Q67UT3_ORYSJ,NP,NP,0.000498946,-1.72621517,NP,NP,NP,NP,0,0,0,1,0,1,0,0,0,0,0,0
Q67VX5_ORYSJ,NP,NP,0.001397989,0.768583571,NP,NP,0.196902087,-0.277614944,0,0,0,1,1,0,0,0,0,0,0,0
Q69JZ1_ORYSJ,NP,NP,0.458274453,0.032338299,NP,NP,0.164743093,-0.133792761,0,0,0,0,0,0,0,0,0,0,0,0
Q69QS2_ORYSJ,NP,NP,0.268443812,-1.076441704,NP,NP,NP,NP,0,0,0,0,0,0,0,0,0,0,0,0
Q69S66_ORYSJ,NP,NP,0.350601416,0.107611012,NP,NP,0.382899081,0.020549572,0,0,0,0,0,0,0,0,0,0,0,0
Q69TF5_ORYSJ,NP,NP,0.332789574,0.083502535,NP,NP,0.052960801,-0.417242222,0,0,0,0,0,0,0,0,0,0,0,0
Q69TJ9_ORYSJ,NP,NP,0.180287163,-0.364320016,NP,NP,0.154150491,0.388495909,0,0,0,0,0,0,0,0,0,0,0,0
Q69X19_ORYSJ,NP,NP,0.009024718,1.074361252,0.000481869,0.85241382,0.012107569,-0.464066582,0,0,0,1,1,0,1,1,0,1,0,1
Q69X81_ORYSJ,NP,NP,0.116214702,1.064862073,NP,NP,NP,NP,0,0,0,0,0,0,0,0,0,0,0,0
Q69Y12_ORYSJ,NP,NP,0.008977091,-2.894727021,NP,NP,0.019434939,1.568399327,0,0,0,1,0,1,0,0,0,1,1,0
Q6AVZ5_ORYSJ,NP,NP,0.000278292,-0.718907022,NP,NP,0.218281046,-0.286274299,0,0,0,1,0,1,0,0,0,0,0,0
Q6ENK5_ORYSJ,NP,NP,0.057464922,0.183662372,NP,NP,0.093292688,-0.282693613,0,0,0,0,0,0,0,0,0,0,0,0
Q6EP59_ORYSJ,NP,NP,0.235684715,-0.298422544,NP,NP,0.063532987,-0.526827077,0,0,0,0,0,0,0,0,0,0,0,0
Q6EPV3_ORYSJ,NP,NP,0.00020984,1.803549043,NP,NP,NP,NP,0,0,0,1,1,0,0,0,0,0,0,0
Q6ESY0_ORYSJ,NP,NP,0.007010392,-0.286954889,NP,NP,NP,NP,0,0,0,1,0,1,0,0,0,0,0,0
Q6EUH5_ORYSJ,NP,NP,0.008192809,0.27984658,NP,NP,NP,NP,0,0,0,1,1,0,0,0,0,0,0,0
Q6F3A0_ORYSJ,NP,NP,0.055309532,0.656180768,NP,NP,NP,NP,0,0,0,0,0,0,0,0,0,0,0,0
Q6H4Y5_ORYSJ,NP,NP,0.234946302,0.149379378,NP,NP,NP,NP,0,0,0,0,0,0,0,0,0,0,0,0
Q6H7D0_ORYSJ,NP,NP,3.89E-06,-2.180490573,NP,NP,NP,NP,0,0,0,1,0,1,0,0,0,0,0,0
Q6H7U6_ORYSJ,NP,NP,0.428674598,0.072035543,NP,NP,0.066932776,0.138399249,0,0,0,0,0,0,0,0,0,0,0,0
Q6I583_ORYSJ,NP,NP,0.468286628,-0.044703649,NP,NP,NP,NP,0,0,0,0,0,0,0,0,0,0,0,0
Q6I5X0_ORYSJ,NP,NP,0.407717165,0.029692172,NP,NP,0.048499478,-0.448823703,0,0,0,0,0,0,0,0,0,1,0,1
Q6K5N1_ORYSJ,NP,NP,0.454908529,0.022723875,NP,NP,0.011265756,0.216437819,0,0,0,0,0,0,0,0,0,1,1,0
Q6K6Z5_ORYSJ,NP,NP,0.012282842,0.303968869,NP,NP,0.284148127,0.090440894,0,0,0,1,1,0,0,0,0,0,0,0
Q6K7F3_ORYSJ,NP,NP,0.065890991,-0.323792175,NP,NP,NP,NP,0,0,0,0,0,0,0,0,0,0,0,0
Q6K7F4_ORYSJ,NP,NP,0.023691098,0.222515874,NP,NP,0.135732306,0.139214744,0,0,0,1,1,0,0,0,0,0,0,0
Q6K8H1_ORYSJ,NP,NP,0.029294457,-0.175417136,NP,NP,0.060129926,0.100099876,0,0,0,1,0,1,0,0,0,0,0,0
Q6K907_ORYSJ,NP,NP,0.000640694,0.650378419,NP,NP,NP,NP,0,0,0,1,1,0,0,0,0,0,0,0
Q6YUZ6_ORYSJ,NP,NP,0.250719225,0.039821133,NP,NP,NP,NP,0,0,0,0,0,0,0,0,0,0,0,0
Q6YVW2_ORYSJ,NP,NP,0.023462514,-0.3116917,NP,NP,0.095115586,0.111366129,0,0,0,1,0,1,0,0,0,0,0,0
Q6YVY8_ORYSJ,NP,NP,0.451651403,-0.028632234,0.014962061,-0.094160665,0.274487589,0.025813006,0,0,0,0,0,0,1,0,1,0,0,0
Q6YYC5_ORYSJ,NP,NP,0.000830103,1.496244665,NP,NP,NP,NP,0,0,0,1,1,0,0,0,0,0,0,0
Q6YYC6_ORYSJ,NP,NP,0.294374441,-0.059966275,NP,NP,NP,NP,0,0,0,0,0,0,0,0,0,0,0,0
Q6YZC3_ORYSJ,NP,NP,0.000771662,1.126470135,NP,NP,NP,NP,0,0,0,1,1,0,0,0,0,0,0,0
Q6Z1Y4_ORYSJ,NP,NP,0.015818864,-1.094677028,NP,NP,0.001782988,1.742062504,0,0,0,1,0,1,0,0,0,1,1,0
Q6Z3X5_ORYSJ,NP,NP,0.082888506,0.167773499,NP,NP,0.103377778,0.213686201,0,0,0,0,0,0,0,0,0,0,0,0
Q6Z6K6_ORYSJ,NP,NP,0.398680237,-0.017416563,NP,NP,NP,NP,0,0,0,0,0,0,0,0,0,0,0,0
Q6Z6R6_ORYSJ,NP,NP,0.352283836,0.055000806,NP,NP,0.401608008,0.088075594,0,0,0,0,0,0,0,0,0,0,0,0
Q6Z7B3_ORYSJ,NP,NP,0.023782343,0.615492672,NP,NP,NP,NP,0,0,0,1,1,0,0,0,0,0,0,0
Q6Z7E6_ORYSJ,NP,NP,1.41E-05,-1.495948145,NP,NP,8.92E-05,1.422764263,0,0,0,1,0,1,0,0,0,1,1,0
Q6Z8I6_ORYSJ,NP,NP,0.029597133,-0.378016567,NP,NP,0.288472618,-0.150020202,0,0,0,1,0,1,0,0,0,0,0,0
Q6Z8P9_ORYSJ,NP,NP,0.086782038,-0.297811051,NP,NP,0.077867482,0.293830548,0,0,0,0,0,0,0,0,0,0,0,0
Q6ZCD2_ORYSJ,NP,NP,0.001690598,1.304618175,NP,NP,NP,NP,0,0,0,1,1,0,0,0,0,0,0,0
Q6ZD37_ORYSJ,NP,NP,0.396952086,-0.061276345,NP,NP,0.147652608,0.643357957,0,0,0,0,0,0,0,0,0,0,0,0
Q6ZDX2_ORYSJ,NP,NP,0.386739376,0.060054151,NP,NP,0.043000839,0.925703759,0,0,0,0,0,0,0,0,0,1,1,0
Q6ZH58_ORYSJ,NP,NP,0.24697214,0.048476684,NP,NP,NP,NP,0,0,0,0,0,0,0,0,0,0,0,0
Q6ZHJ6_ORYSJ,NP,NP,0.100828998,0.146051497,NP,NP,0.04466152,-0.143542059,0,0,0,0,0,0,0,0,0,1,0,1
Q6ZIH6_ORYSJ,NP,NP,0.042393619,0.455057821,NP,NP,0.410167062,0.074002984,0,0,0,1,1,0,0,0,0,0,0,0
Q6ZJ22_ORYSJ,NP,NP,0.00375091,2.294173989,NP,NP,NP,NP,0,0,0,1,1,0,0,0,0,0,0,0
Q6ZJ90_ORYSJ,NP,NP,0.017352781,-0.413153904,NP,NP,0.285525406,0.073724764,0,0,0,1,0,1,0,0,0,0,0,0
Q6ZK18_ORYSJ,NP,NP,0.001041121,1.049926849,NP,NP,NP,NP,0,0,0,1,1,0,0,0,0,0,0,0
Q6ZKW6_ORYSJ,NP,NP,0.012861895,0.607229455,NP,NP,0.142619796,0.281007966,0,0,0,1,1,0,0,0,0,0,0,0
Q6ZL37_ORYSJ,NP,NP,0.003286946,-0.242121813,NP,NP,6.76E-05,0.273603269,0,0,0,1,0,1,0,0,0,1,1,0
Q6ZLF7_ORYSJ,NP,NP,0.000169498,-1.082220535,NP,NP,0.001470591,1.450149701,0,0,0,1,0,1,0,0,0,1,1,0
Q6ZLJ9_ORYSJ,NP,NP,0.054403508,-1.944972515,NP,NP,NP,NP,0,0,0,0,0,0,0,0,0,0,0,0
Q75GB3_ORYSJ,NP,NP,0.066797449,0.336093932,NP,NP,NP,NP,0,0,0,0,0,0,0,0,0,0,0,0
Q75HP7_ORYSJ,NP,NP,0.296462174,0.08947737,NP,NP,0.425886996,-0.026425911,0,0,0,0,0,0,0,0,0,0,0,0
Q75I67_ORYSJ,NP,NP,0.330079033,0.062460589,NP,NP,0.018081503,0.251650748,0,0,0,0,0,0,0,0,0,1,1,0
Q7EYF8_ORYSJ,NP,NP,0.407717165,0.029692172,NP,NP,0.04590554,-0.059519443,0,0,0,0,0,0,0,0,0,1,0,1
Q7EYH4_ORYSJ,NP,NP,0.00196706,0.569433354,0.001262081,0.174470126,0.068003728,0.093871177,0,0,0,1,1,0,1,1,0,0,0,0
Q7EYK8_ORYSJ,NP,NP,0.001321306,0.692654301,NP,NP,0.008627692,-0.394100785,0,0,0,1,1,0,0,0,0,1,0,1
Q7F0H9_ORYSJ,NP,NP,0.12166682,-0.92295972,NP,NP,0.29855481,-0.03998841,0,0,0,0,0,0,0,0,0,0,0,0
Q7F0P5_ORYSJ,NP,NP,0.205083489,0.112742914,NP,NP,0.229624422,0.079001347,0,0,0,0,0,0,0,0,0,0,0,0
Q7F1F2_ORYSJ,NP,NP,0.000640694,0.650378419,NP,NP,NP,NP,0,0,0,1,1,0,0,0,0,0,0,0
Q7FU78_ORYSJ,NP,NP,0.324732655,0.305882216,NP,NP,NP,NP,0,0,0,0,0,0,0,0,0,0,0,0
Q7G2F7_ORYSJ,NP,NP,0.103387827,2.131442564,NP,NP,NP,NP,0,0,0,0,0,0,0,0,0,0,0,0
Q7G645_ORYSJ,NP,NP,0.221940504,-0.176692634,NP,NP,NP,NP,0,0,0,0,0,0,0,0,0,0,0,0
Q7X741_ORYSJ,NP,NP,0.0873607,-0.203301391,NP,NP,NP,NP,0,0,0,0,0,0,0,0,0,0,0,0
Q7X8U6_ORYSJ,NP,NP,0.218951899,0.258059955,NP,NP,0.336379622,0.070544897,0,0,0,0,0,0,0,0,0,0,0,0
Q7XC62_ORYSJ,NP,NP,0.001527975,0.624168312,NP,NP,0.00745973,3.901318863,0,0,0,1,1,0,0,0,0,1,1,0
Q7XH24_ORYSJ,NP,NP,0.448778389,0.009266695,NP,NP,0.371499906,-0.021552897,0,0,0,0,0,0,0,0,0,0,0,0
Q7XIP5_ORYSJ,NP,NP,0.375160352,0.048828004,NP,NP,0.074032957,-0.172335099,0,0,0,0,0,0,0,0,0,0,0,0
Q7XIR8_ORYSJ,NP,NP,0.131024865,0.24150331,NP,NP,0.082380455,-0.260793239,0,0,0,0,0,0,0,0,0,0,0,0
Q7XL31_ORYSJ,NP,NP,0.292107247,0.219036677,NP,NP,0.010455568,-1.011997696,0,0,0,0,0,0,0,0,0,1,0,1
Q7XMY2_ORYSJ,NP,NP,0.070530552,0.36602622,NP,NP,0.041391105,0.978693827,0,0,0,0,0,0,0,0,0,1,1,0
Q7XNS6_ORYSJ,NP,NP,0.000941058,1.835775571,NP,NP,NP,NP,0,0,0,1,1,0,0,0,0,0,0,0
Q7XPB0_ORYSJ,NP,NP,0.066650235,0.616789853,NP,NP,NP,NP,0,0,0,0,0,0,0,0,0,0,0,0
Q7XQE6_ORYSJ,NP,NP,0.005903309,0.508660568,0.328495558,-0.110370923,0.017647393,-0.347315156,0,0,0,1,1,0,0,0,0,1,0,1
Q7XR24_ORYSJ,NP,NP,0.269144207,-0.427251096,NP,NP,NP,NP,0,0,0,0,0,0,0,0,0,0,0,0
Q7XTD0_ORYSJ,NP,NP,0.022736937,-0.310652722,NP,NP,NP,NP,0,0,0,1,0,1,0,0,0,0,0,0
Q7XUC8_ORYSJ,NP,NP,0.016218757,-0.384399895,NP,NP,0.281662965,-0.080646516,0,0,0,1,0,1,0,0,0,0,0,0
Q7XUR0_ORYSJ,NP,NP,0.031038523,-1.410587817,NP,NP,0.165136634,0.264433956,0,0,0,1,0,1,0,0,0,0,0,0
Q7XV86_ORYSJ,NP,NP,0.4060573,-0.281847766,NP,NP,0.088018019,1.117682646,0,0,0,0,0,0,0,0,0,0,0,0
Q7XW03_ORYSJ,NP,NP,0.282023175,-0.353227039,NP,NP,0.007146143,1.090435018,0,0,0,0,0,0,0,0,0,1,1,0
Q7XXN2_ORYSJ,NP,NP,0.002145262,0.552227931,NP,NP,0.492504165,0.010921129,0,0,0,1,1,0,0,0,0,0,0,0
Q84K83_ORYSJ,NP,NP,0.441893763,0.141624737,NP,NP,NP,NP,0,0,0,0,0,0,0,0,0,0,0,0
Q84LG7_ORYSJ,NP,NP,0.476984541,-0.006444686,NP,NP,0.025863671,0.292569264,0,0,0,0,0,0,0,0,0,1,1,0
Q84MT6_ORYSJ,NP,NP,0.349406187,0.077806187,NP,NP,0.46213524,0.029002409,0,0,0,0,0,0,0,0,0,0,0,0
Q84NR1_ORYSJ,NP,NP,0.026776159,0.273120083,NP,NP,NP,NP,0,0,0,1,1,0,0,0,0,0,0,0
Q84QA9_ORYSJ,NP,NP,0.476354343,0.016929666,NP,NP,0.283639488,-0.092440549,0,0,0,0,0,0,0,0,0,0,0,0
Q84QL4_ORYSJ,NP,NP,0.000472616,1.180485376,NP,NP,0.399172067,0.06017627,0,0,0,1,1,0,0,0,0,0,0,0
Q84ZI6_ORYSJ,NP,NP,0.075976635,0.231568331,NP,NP,NP,NP,0,0,0,0,0,0,0,0,0,0,0,0
Q8GU64_ORYSJ,NP,NP,0.173810197,0.117371474,NP,NP,0.185266885,-0.136951403,0,0,0,0,0,0,0,0,0,0,0,0
Q8H393_ORYSJ,NP,NP,0.223216471,0.079790148,NP,NP,0.004916473,0.380188405,0,0,0,0,0,0,0,0,0,1,1,0
Q8H513_ORYSJ,NP,NP,0.010791469,0.430177076,NP,NP,0.068553367,0.70994641,0,0,0,1,1,0,0,0,0,0,0,0
Q8H821_ORYSJ,NP,NP,3.20E-06,-1.190512192,NP,NP,0.083469084,-0.416526781,0,0,0,1,0,1,0,0,0,0,0,0
Q8L6I2_ORYSJ,NP,NP,0.139868024,-0.633672404,NP,NP,NP,NP,0,0,0,0,0,0,0,0,0,0,0,0
Q8LHQ6_ORYSJ,NP,NP,0.287697749,0.060669857,NP,NP,0.003397206,-0.323315622,0,0,0,0,0,0,0,0,0,1,0,1
Q8LJ81_ORYSJ,NP,NP,0.001238691,1.285131338,NP,NP,NP,NP,0,0,0,1,1,0,0,0,0,0,0,0
Q8LQR8_ORYSJ,NP,NP,0.017974394,-0.256212254,0.000128178,-0.387604897,0.03976587,0.516426219,0,0,0,1,0,1,1,0,1,1,1,0
Q8S5T3_ORYSJ,NP,NP,0.0998084,-1.028737416,NP,NP,0.247805974,-1.000063964,0,0,0,0,0,0,0,0,0,0,0,0
Q8S9W7_ORYSJ,NP,NP,0.403418619,-0.022573455,NP,NP,NP,NP,0,0,0,0,0,0,0,0,0,0,0,0
Q93VM2_ORYSJ,NP,NP,0.000472616,1.180485376,NP,NP,NP,NP,0,0,0,1,1,0,0,0,0,0,0,0
Q94GD8_ORYSJ,NP,NP,0.01322518,0.310073438,NP,NP,NP,NP,0,0,0,1,1,0,0,0,0,0,0,0
Q94I52_ORYSJ,NP,NP,0.018349505,-0.58559069,NP,NP,0.268987669,0.265171548,0,0,0,1,0,1,0,0,0,0,0,0
Q9FW24_ORYSJ,NP,NP,0.081136481,-0.410900767,NP,NP,NP,NP,0,0,0,0,0,0,0,0,0,0,0,0
RDR1_ORYSJ,NP,NP,0.030225112,-0.373020426,NP,NP,NP,NP,0,0,0,1,0,1,0,0,0,0,0,0
REL2_ORYSJ,NP,NP,0.147740698,-0.139799738,NP,NP,0.174396108,0.321378765,0,0,0,0,0,0,0,0,0,0,0,0
RH42_ORYSJ,NP,NP,0.363391838,0.061860066,NP,NP,0.00428977,0.520557265,0,0,0,0,0,0,0,0,0,1,1,0
RHD31_ORYSJ,NP,NP,0.015981399,-1.641827135,NP,NP,NP,NP,0,0,0,1,0,1,0,0,0,0,0,0
ROC5_ORYSJ,NP,NP,0.08829843,-0.608267811,NP,NP,NP,NP,0,0,0,0,0,0,0,0,0,0,0,0
RPE_ORYSJ,NP,NP,0.173868059,-0.244359642,NP,NP,0.166465995,0.307103898,0,0,0,0,0,0,0,0,0,0,0,0
RTOR1_ORYSJ,NP,NP,0.237140949,-0.135017561,NP,NP,0.015932033,0.332573491,0,0,0,0,0,0,0,0,0,1,1,0
SEC1B_ORYSJ,NP,NP,0.000968036,2.077146183,NP,NP,NP,NP,0,0,0,1,1,0,0,0,0,0,0,0
SIK1_ORYSJ,NP,NP,0.000150741,3.893010754,NP,NP,NP,NP,0,0,0,1,1,0,0,0,0,0,0,0
SIPL3_ORYSJ,NP,NP,0.070181545,-0.684402445,NP,NP,0.101965829,0.339572684,0,0,0,0,0,0,0,0,0,0,0,0
SPL1_ORYSJ,NP,NP,9.81E-05,1.165937237,2.81E-05,1.758415467,NP,NP,0,0,0,1,1,0,1,1,0,0,0,0
SPSA2_ORYSJ,NP,NP,0.224651944,-0.507396336,NP,NP,0.336462212,0.106044412,0,0,0,0,0,0,0,0,0,0,0,0
SRT1_ORYSJ,NP,NP,0.0021877,0.747047976,NP,NP,0.318285225,-0.112392183,0,0,0,1,1,0,0,0,0,0,0,0
SSY3A_ORYSJ,NP,NP,3.51E-05,-1.688643347,0.262857871,-0.054385039,NP,NP,0,0,0,1,0,1,0,0,0,0,0,0
SWT1A_ORYSJ,NP,NP,0.022752396,-1.30513859,NP,NP,NP,NP,0,0,0,1,0,1,0,0,0,0,0,0
SYAP_ORYSJ,NP,NP,0.129003845,0.110795376,NP,NP,0.134687904,0.143972767,0,0,0,0,0,0,0,0,0,0,0,0
SYHC_ORYSJ,NP,NP,0.045271505,-0.404849115,NP,NP,0.060925122,-0.654916992,0,0,0,1,0,1,0,0,0,0,0,0
TPR1_ORYSJ,NP,NP,0.001393399,0.622558291,NP,NP,0.057626345,0.38240728,0,0,0,1,1,0,0,0,0,0,0,0
WNK2_ORYSJ,NP,NP,0.000416807,0.987021488,NP,NP,0.015728709,3.19859431,0,0,0,1,1,0,0,0,0,1,1,0
XPOT_ORYSJ,NP,NP,0.003813283,0.519711908,0.105299171,-0.050046314,0.006437677,1.190807788,0,0,0,1,1,0,0,0,0,1,1,0
YSL6_ORYSJ,NP,NP,0.016462183,0.230709745,NP,NP,NP,NP,0,0,0,1,1,0,0,0,0,0,0,0
A0A0N7KCP4_ORYSJ,NP,NP,NP,NP,0.106072237,0.068143369,NP,NP,0,0,0,0,0,0,0,0,0,0,0,0
A0A0N7KDQ2_ORYSJ,NP,NP,NP,NP,0.100350283,-0.452396738,0.036119626,0.621354836,0,0,0,0,0,0,0,0,0,1,1,0
A0A0N7KDT4_ORYSJ,NP,NP,NP,NP,0.006482913,-0.685610328,0.020263335,-0.921816356,0,0,0,0,0,0,1,0,1,1,0,1
A0A0N7KI28_ORYSJ,NP,NP,NP,NP,0.001717972,-0.055256705,NP,NP,0,0,0,0,0,0,1,0,1,0,0,0
A0A0N7KIN5_ORYSJ,NP,NP,NP,NP,0.0001085,-3.513144073,NP,NP,0,0,0,0,0,0,1,0,1,0,0,0
A0A0N7KJL1_ORYSJ,NP,NP,NP,NP,7.02E-05,-2.939084463,NP,NP,0,0,0,0,0,0,1,0,1,0,0,0
A0A0N7KKC7_ORYSJ,NP,NP,NP,NP,0.120092815,-0.027974945,0.226294395,0.062491072,0,0,0,0,0,0,0,0,0,0,0,0
A0A0N7KLF8_ORYSJ,NP,NP,NP,NP,0.150127152,0.078601455,0.08801765,0.826573563,0,0,0,0,0,0,0,0,0,0,0,0
A0A0N7KLP9_ORYSJ,NP,NP,NP,NP,0.435609158,-0.003534368,0.206847821,-0.133852146,0,0,0,0,0,0,0,0,0,0,0,0
A0A0N7KRF3_ORYSJ,NP,NP,NP,NP,0.000169529,0.963616591,NP,NP,0,0,0,0,0,0,1,1,0,0,0,0
A0A0N7KTA4_ORYSJ,NP,NP,NP,NP,0.358877562,0.020046434,NP,NP,0,0,0,0,0,0,0,0,0,0,0,0
A0A0N7KTC5_ORYSJ,NP,NP,NP,NP,0.010744556,0.70993368,NP,NP,0,0,0,0,0,0,1,1,0,0,0,0
A0A0N7KTZ8_ORYSJ,NP,NP,NP,NP,0.135836812,0.088509195,0.209765882,-0.091551053,0,0,0,0,0,0,0,0,0,0,0,0
A0A0P0UX28_ORYSJ,NP,NP,NP,NP,1.92E-05,0.2087535,NP,NP,0,0,0,0,0,0,1,1,0,0,0,0
A0A0P0UX97_ORYSJ,NP,NP,NP,NP,0.00059647,-0.242127807,0.053797003,0.181782185,0,0,0,0,0,0,1,0,1,0,0,0
A0A0P0UYG1_ORYSJ,NP,NP,NP,NP,0.003408259,0.159006319,0.0094313,2.016595428,0,0,0,0,0,0,1,1,0,1,1,0
A0A0P0V0Z2_ORYSJ,NP,NP,NP,NP,0.00500144,-0.21975852,0.088246839,0.294374968,0,0,0,0,0,0,1,0,1,0,0,0
A0A0P0V190_ORYSJ,NP,NP,NP,NP,0.036920674,0.08479065,NP,NP,0,0,0,0,0,0,1,1,0,0,0,0
A0A0P0V1Y9_ORYSJ,NP,NP,NP,NP,0.007350704,0.164314013,0.015764805,-0.700535719,0,0,0,0,0,0,1,1,0,1,0,1
A0A0P0V2G9_ORYSJ,NP,NP,NP,NP,0.001943598,-0.251529861,NP,NP,0,0,0,0,0,0,1,0,1,0,0,0
A0A0P0V3G5_ORYSJ,NP,NP,NP,NP,0.003803027,-0.321751035,NP,NP,0,0,0,0,0,0,1,0,1,0,0,0
A0A0P0V458_ORYSJ,NP,NP,NP,NP,0.005239013,-2.303318688,0.289786467,-0.449495146,0,0,0,0,0,0,1,0,1,0,0,0
A0A0P0V4Y9_ORYSJ,NP,NP,NP,NP,0.485869353,-0.00235474,NP,NP,0,0,0,0,0,0,0,0,0,0,0,0
A0A0P0V846_ORYSJ,NP,NP,NP,NP,0.28749728,-0.01878645,0.420173422,0.231144465,0,0,0,0,0,0,0,0,0,0,0,0
A0A0P0V8K7_ORYSJ,NP,NP,NP,NP,0.051705762,-0.131824982,NP,NP,0,0,0,0,0,0,0,0,0,0,0,0
A0A0P0V9U1_ORYSJ,NP,NP,NP,NP,2.95E-05,-2.650382928,NP,NP,0,0,0,0,0,0,1,0,1,0,0,0
A0A0P0VDY2_ORYSJ,NP,NP,NP,NP,7.34E-05,-0.353562543,NP,NP,0,0,0,0,0,0,1,0,1,0,0,0
A0A0P0VFB2_ORYSJ,NP,NP,NP,NP,0.0144358,-0.088937593,NP,NP,0,0,0,0,0,0,1,0,1,0,0,0
A0A0P0VFR5_ORYSJ,NP,NP,NP,NP,0.016207765,0.161814374,NP,NP,0,0,0,0,0,0,1,1,0,0,0,0
A0A0P0VGW9_ORYSJ,NP,NP,NP,NP,0.120092733,0.129558944,0.016184563,-0.59845954,0,0,0,0,0,0,0,0,0,1,0,1
A0A0P0VH05_ORYSJ,NP,NP,NP,NP,0.001874739,-0.209245104,NP,NP,0,0,0,0,0,0,1,0,1,0,0,0
A0A0P0VHR5_ORYSJ,NP,NP,NP,NP,0.000707197,-0.271474361,0.006364986,-0.430074431,0,0,0,0,0,0,1,0,1,1,0,1
A0A0P0VIC0_ORYSJ,NP,NP,NP,NP,0.004701759,0.54183063,NP,NP,0,0,0,0,0,0,1,1,0,0,0,0
A0A0P0VKK0_ORYSJ,NP,NP,NP,NP,0.44235726,-0.013440874,0.371485214,0.181141188,0,0,0,0,0,0,0,0,0,0,0,0
A0A0P0VMB6_ORYSJ,NP,NP,NP,NP,4.55E-05,0.555476201,NP,NP,0,0,0,0,0,0,1,1,0,0,0,0
A0A0P0VMX2_ORYSJ,NP,NP,NP,NP,0.006830031,-0.111989818,0.012076239,-0.594581902,0,0,0,0,0,0,1,0,1,1,0,1
A0A0P0VMY2_ORYSJ,NP,NP,NP,NP,0.375832241,-0.006112581,NP,NP,0,0,0,0,0,0,0,0,0,0,0,0
A0A0P0VNW9_ORYSJ,NP,NP,NP,NP,0.01148369,-0.855953304,NP,NP,0,0,0,0,0,0,1,0,1,0,0,0
A0A0P0VQ70_ORYSJ,NP,NP,NP,NP,8.94E-06,1.957319272,NP,NP,0,0,0,0,0,0,1,1,0,0,0,0
A0A0P0VSM6_ORYSJ,NP,NP,NP,NP,0.005310432,0.293041023,NP,NP,0,0,0,0,0,0,1,1,0,0,0,0
A0A0P0VV14_ORYSJ,NP,NP,NP,NP,0.078777528,-0.069500985,NP,NP,0,0,0,0,0,0,0,0,0,0,0,0
A0A0P0VVK7_ORYSJ,NP,NP,NP,NP,0.495705389,0.00068212,NP,NP,0,0,0,0,0,0,0,0,0,0,0,0
A0A0P0VVK9_ORYSJ,NP,NP,NP,NP,0.000457477,-7.233293461,0.109957068,-1.039004807,0,0,0,0,0,0,1,0,1,0,0,0
A0A0P0VZA9_ORYSJ,NP,NP,NP,NP,0.003905691,-0.171217597,0.001572787,-2.740873059,0,0,0,0,0,0,1,0,1,1,0,1
A0A0P0W4D5_ORYSJ,NP,NP,NP,NP,0.00060894,0.127633734,0.139982136,0.217665036,0,0,0,0,0,0,1,1,0,0,0,0
A0A0P0W7K0_ORYSJ,NP,NP,NP,NP,0.017785749,-0.107032969,0.006206814,-0.280322925,0,0,0,0,0,0,1,0,1,1,0,1
A0A0P0W976_ORYSJ,NP,NP,NP,NP,0.058581313,-0.421386952,0.056918346,0.289641752,0,0,0,0,0,0,0,0,0,0,0,0
A0A0P0W9B7_ORYSJ,NP,NP,NP,NP,0.006577582,-0.687038444,NP,NP,0,0,0,0,0,0,1,0,1,0,0,0
A0A0P0W9D6_ORYSJ,NP,NP,NP,NP,0.300662298,0.060778137,0.042917255,0.117771704,0,0,0,0,0,0,0,0,0,1,1,0
A0A0P0W9G0_ORYSJ,NP,NP,NP,NP,0.351197447,0.020518497,NP,NP,0,0,0,0,0,0,0,0,0,0,0,0
A0A0P0W9Q4_ORYSJ,NP,NP,NP,NP,3.38E-05,-0.873279381,0.000237175,-1.103884705,0,0,0,0,0,0,1,0,1,1,0,1
A0A0P0WC46_ORYSJ,NP,NP,NP,NP,0.001586176,-0.171632803,NP,NP,0,0,0,0,0,0,1,0,1,0,0,0
A0A0P0WCB7_ORYSJ,NP,NP,NP,NP,0.000151801,-7.667837607,NP,NP,0,0,0,0,0,0,1,0,1,0,0,0
A0A0P0WD06_ORYSJ,NP,NP,NP,NP,0.000164205,0.609039538,NP,NP,0,0,0,0,0,0,1,1,0,0,0,0
A0A0P0WDP9_ORYSJ,NP,NP,NP,NP,0.117068309,-0.273230153,NP,NP,0,0,0,0,0,0,0,0,0,0,0,0
A0A0P0WDY2_ORYSJ,NP,NP,NP,NP,1.98E-05,1.094665612,0.181680604,-0.179447017,0,0,0,0,0,0,1,1,0,0,0,0
A0A0P0WEY9_ORYSJ,NP,NP,NP,NP,0.033086694,2.919776482,NP,NP,0,0,0,0,0,0,1,1,0,0,0,0
A0A0P0WF03_ORYSJ,NP,NP,NP,NP,0.001874739,-0.209245104,NP,NP,0,0,0,0,0,0,1,0,1,0,0,0
A0A0P0WH96_ORYSJ,NP,NP,NP,NP,0.228979742,-0.044502355,0.012730829,-0.534614552,0,0,0,0,0,0,0,0,0,1,0,1
A0A0P0WHK5_ORYSJ,NP,NP,NP,NP,0.040944604,-0.214694786,0.167577347,-0.214436607,0,0,0,0,0,0,1,0,1,0,0,0
A0A0P0WHV3_ORYSJ,NP,NP,NP,NP,0.052449223,-1.046268331,0.100754509,-0.169969852,0,0,0,0,0,0,0,0,0,0,0,0
A0A0P0WJC1_ORYSJ,NP,NP,NP,NP,0.001463644,-0.12786177,0.005773309,-0.163510742,0,0,0,0,0,0,1,0,1,1,0,1
A0A0P0WKD3_ORYSJ,NP,NP,NP,NP,0.0001085,-3.513144073,NP,NP,0,0,0,0,0,0,1,0,1,0,0,0
A0A0P0WLY0_ORYSJ,NP,NP,NP,NP,0.02051992,0.086413759,NP,NP,0,0,0,0,0,0,1,1,0,0,0,0
A0A0P0WNM9_ORYSJ,NP,NP,NP,NP,5.84E-05,0.728225821,0.008004546,-0.595190065,0,0,0,0,0,0,1,1,0,1,0,1
A0A0P0WPS2_ORYSJ,NP,NP,NP,NP,0.003529117,-0.965816527,0.321232488,-0.122416936,0,0,0,0,0,0,1,0,1,0,0,0
A0A0P0WQF3_ORYSJ,NP,NP,NP,NP,0.000451643,-0.626986233,0.297425309,0.165013164,0,0,0,0,0,0,1,0,1,0,0,0
A0A0P0WQL2_ORYSJ,NP,NP,NP,NP,0.132166399,0.07637245,NP,NP,0,0,0,0,0,0,0,0,0,0,0,0
A0A0P0WTA7_ORYSJ,NP,NP,NP,NP,0.027443872,-0.653289905,NP,NP,0,0,0,0,0,0,1,0,1,0,0,0
A0A0P0WTL2_ORYSJ,NP,NP,NP,NP,0.034151607,-0.067475399,0.022550514,-1.33381447,0,0,0,0,0,0,1,0,1,1,0,1
A0A0P0WUN7_ORYSJ,NP,NP,NP,NP,0.000451643,-0.626986233,0.243061412,-0.105696704,0,0,0,0,0,0,1,0,1,0,0,0
A0A0P0WUP8_ORYSJ,NP,NP,NP,NP,1.32E-06,0.853180523,0.011904513,-0.717075643,0,0,0,0,0,0,1,1,0,1,0,1
A0A0P0WVJ4_ORYSJ,NP,NP,NP,NP,0.012940612,0.044894087,NP,NP,0,0,0,0,0,0,1,1,0,0,0,0
A0A0P0WWV9_ORYSJ,NP,NP,NP,NP,0.004528571,0.494835179,0.00182895,0.856322925,0,0,0,0,0,0,1,1,0,1,1,0
A0A0P0WYC6_ORYSJ,NP,NP,NP,NP,0.000551105,-0.38604291,NP,NP,0,0,0,0,0,0,1,0,1,0,0,0
A0A0P0WYC8_ORYSJ,NP,NP,NP,NP,1.34E-06,2.334563195,NP,NP,0,0,0,0,0,0,1,1,0,0,0,0
A0A0P0X1S3_ORYSJ,NP,NP,NP,NP,0.315398643,0.01310082,0.011751564,0.205951238,0,0,0,0,0,0,0,0,0,1,1,0
A0A0P0X1V3_ORYSJ,NP,NP,NP,NP,0.478651386,-0.012066773,NP,NP,0,0,0,0,0,0,0,0,0,0,0,0
A0A0P0X3G8_ORYSJ,NP,NP,NP,NP,0.142737917,-0.048137384,NP,NP,0,0,0,0,0,0,0,0,0,0,0,0
A0A0P0X3P6_ORYSJ,NP,NP,NP,NP,0.234731062,0.021228646,0.451760768,-0.05156715,0,0,0,0,0,0,0,0,0,0,0,0
A0A0P0X432_ORYSJ,NP,NP,NP,NP,0.328747515,-0.067266775,NP,NP,0,0,0,0,0,0,0,0,0,0,0,0
A0A0P0X5K2_ORYSJ,NP,NP,NP,NP,0.154756025,-0.03972001,NP,NP,0,0,0,0,0,0,0,0,0,0,0,0
A0A0P0X7F2_ORYSJ,NP,NP,NP,NP,0.188604604,-0.047131167,NP,NP,0,0,0,0,0,0,0,0,0,0,0,0
A0A0P0X7T5_ORYSJ,NP,NP,NP,NP,0.390535445,-0.14110242,NP,NP,0,0,0,0,0,0,0,0,0,0,0,0
A0A0P0X937_ORYSJ,NP,NP,NP,NP,0.010680399,-0.63671681,0.011031159,0.70809312,0,0,0,0,0,0,1,0,1,1,1,0
A0A0P0X9S0_ORYSJ,NP,NP,NP,NP,7.16E-05,-0.367310965,NP,NP,0,0,0,0,0,0,1,0,1,0,0,0
A0A0P0XA75_ORYSJ,NP,NP,NP,NP,0.037748565,0.121702617,NP,NP,0,0,0,0,0,0,1,1,0,0,0,0
A0A0P0XD33_ORYSJ,NP,NP,NP,NP,0.320288585,-0.059134469,0.122595988,-1.244497905,0,0,0,0,0,0,0,0,0,0,0,0
A0A0P0XEV4_ORYSJ,NP,NP,NP,NP,0.000758574,0.780745478,NP,NP,0,0,0,0,0,0,1,1,0,0,0,0
A0A0P0XM02_ORYSJ,NP,NP,NP,NP,0.006280179,-0.106695704,0.016055466,-1.518063711,0,0,0,0,0,0,1,0,1,1,0,1
A0A0P0XM06_ORYSJ,NP,NP,NP,NP,0.132655726,-0.901469175,NP,NP,0,0,0,0,0,0,0,0,0,0,0,0
A0A0P0XM35_ORYSJ,NP,NP,NP,NP,0.324098569,-0.205240175,NP,NP,0,0,0,0,0,0,0,0,0,0,0,0
A0A0P0XN45_ORYSJ,NP,NP,NP,NP,0.031600738,-0.046446243,NP,NP,0,0,0,0,0,0,1,0,1,0,0,0
A0A0P0XQP5_ORYSJ,NP,NP,NP,NP,1.74E-06,0.785653205,0.018876092,-0.65042136,0,0,0,0,0,0,1,1,0,1,0,1
A0A0P0XQV1_ORYSJ,NP,NP,NP,NP,0.00115914,0.196728495,NP,NP,0,0,0,0,0,0,1,1,0,0,0,0
A0A0P0XR81_ORYSJ,NP,NP,NP,NP,0.000771672,0.304602883,NP,NP,0,0,0,0,0,0,1,1,0,0,0,0
A0A0P0XRM4_ORYSJ,NP,NP,NP,NP,2.14E-05,-1.632209827,NP,NP,0,0,0,0,0,0,1,0,1,0,0,0
A0A0P0Y0I8_ORYSJ,NP,NP,NP,NP,1.23E-05,-1.61167408,NP,NP,0,0,0,0,0,0,1,0,1,0,0,0
A0A0P0Y248_ORYSJ,NP,NP,NP,NP,0.001395092,-0.227624762,NP,NP,0,0,0,0,0,0,1,0,1,0,0,0
A0A0P0Y299_ORYSJ,NP,NP,NP,NP,0.284582215,0.022444439,NP,NP,0,0,0,0,0,0,0,0,0,0,0,0
A0A0P0Y3S7_ORYSJ,NP,NP,NP,NP,0.003408259,0.159006319,0.04105232,0.219634851,0,0,0,0,0,0,1,1,0,1,1,0
A0A0P0Y5E2_ORYSJ,NP,NP,NP,NP,6.65E-05,-1.855770574,0.010733905,0.343240643,0,0,0,0,0,0,1,0,1,1,1,0
A0A0P0Y5F3_ORYSJ,NP,NP,NP,NP,0.170957466,0.026716023,0.140142563,0.239789976,0,0,0,0,0,0,0,0,0,0,0,0
A0A0P0Y630_ORYSJ,NP,NP,NP,NP,0.000583131,0.339714257,NP,NP,0,0,0,0,0,0,1,1,0,0,0,0
A0A0P0Y8C7_ORYSJ,NP,NP,NP,NP,0.154756025,-0.03972001,NP,NP,0,0,0,0,0,0,0,0,0,0,0,0
A0A0P0Y8F6_ORYSJ,NP,NP,NP,NP,0.234731062,0.021228646,NP,NP,0,0,0,0,0,0,0,0,0,0,0,0
A0A0P0Y8Y6_ORYSJ,NP,NP,NP,NP,0.372790504,0.019313469,0.157694781,0.053514224,0,0,0,0,0,0,0,0,0,0,0,0
A0A0P0YBA3_ORYSJ,NP,NP,NP,NP,0.015905788,1.46459566,NP,NP,0,0,0,0,0,0,1,1,0,0,0,0
A0A5S6R6P1_ORYSJ,NP,NP,NP,NP,0.441398295,-0.006491705,NP,NP,0,0,0,0,0,0,0,0,0,0,0,0
A0A5S6RCD4_ORYSJ,NP,NP,NP,NP,0.000990119,-0.334631629,NP,NP,0,0,0,0,0,0,1,0,1,0,0,0
A3B7V8_ORYSJ,NP,NP,NP,NP,0.02051992,0.086413759,NP,NP,0,0,0,0,0,0,1,1,0,0,0,0
A3BD37_ORYSJ,NP,NP,NP,NP,0.044088579,0.119468624,0.090641312,-0.123211114,0,0,0,0,0,0,1,1,0,0,0,0
A3BYJ4_ORYSJ,NP,NP,NP,NP,0.0001579,-4.540482963,0.195885481,-0.700922296,0,0,0,0,0,0,1,0,1,0,0,0
AB13C_ORYSJ,NP,NP,NP,NP,0.354357527,0.019791427,NP,NP,0,0,0,0,0,0,0,0,0,0,0,0
AB42G_ORYSJ,NP,NP,NP,NP,0.011910478,0.049582606,NP,NP,0,0,0,0,0,0,1,1,0,0,0,0
AB44G_ORYSJ,NP,NP,NP,NP,1.59E-05,-2.003961792,0.365485254,-0.076258609,0,0,0,0,0,0,1,0,1,0,0,0
AGI_ORYSJ,NP,NP,NP,NP,0.000807874,#NUM!,0.315536123,-0.122764423,0,0,0,0,0,0,1,0,0,0,0,0
AGO18_ORYSJ,NP,NP,NP,NP,0.485869353,-0.00235474,0.094053454,0.1034638,0,0,0,0,0,0,0,0,0,0,0,0
AGO2_ORYSJ,NP,NP,NP,NP,0.337549196,-0.037754526,0.07101498,0.709649982,0,0,0,0,0,0,0,0,0,0,0,0
AGO7_ORYSJ,NP,NP,NP,NP,0.001628311,-0.140701034,0.001424159,-0.344887662,0,0,0,0,0,0,1,0,1,1,0,1
AKT1_ORYSJ,NP,NP,NP,NP,0.000310589,0.498872776,NP,NP,0,0,0,0,0,0,1,1,0,0,0,0
ALFL8_ORYSJ,NP,NP,NP,NP,0.017344144,0.109731394,0.3607304,0.059532329,0,0,0,0,0,0,1,1,0,0,0,0
APM1D_ORYSJ,NP,NP,NP,NP,0.324126654,0.023201687,NP,NP,0,0,0,0,0,0,0,0,0,0,0,0
B7EZS5_ORYSJ,NP,NP,NP,NP,0.157556317,-0.830862172,0.359251747,-0.290000008,0,0,0,0,0,0,0,0,0,0,0,0
B7F9R5_ORYSJ,NP,NP,NP,NP,5.26E-06,-0.211629049,0.089858011,0.1357935,0,0,0,0,0,0,1,0,1,0,0,0
B9F5R6_ORYSJ,NP,NP,NP,NP,3.24E-05,0.421912963,0.049675763,-0.385789838,0,0,0,0,0,0,1,1,0,1,0,1
BGL20_ORYSJ,NP,NP,NP,NP,0.372790504,0.019313469,0.142438728,-0.103398994,0,0,0,0,0,0,0,0,0,0,0,0
BSK12_ORYSJ,NP,NP,NP,NP,0.002394723,-0.312061149,0.110693839,-0.213679584,0,0,0,0,0,0,1,0,1,0,0,0
BURP9_ORYSJ,NP,NP,NP,NP,0.336257859,-0.020036329,NP,NP,0,0,0,0,0,0,0,0,0,0,0,0
BURPC_ORYSJ,NP,NP,NP,NP,0.324126654,0.023201687,0.281517038,-0.199658388,0,0,0,0,0,0,0,0,0,0,0,0
BZP12_ORYSJ,NP,NP,NP,NP,0.008390122,-0.717720248,0.04041236,-0.829717411,0,0,0,0,0,0,1,0,1,1,0,1
C3H8_ORYSJ,NP,NP,NP,NP,3.04E-05,-3.746626441,0.267354005,-0.047467883,0,0,0,0,0,0,1,0,1,0,0,0
C7IXS8_ORYSJ,NP,NP,NP,NP,0.023602093,-0.174710992,0.009915324,-0.347693885,0,0,0,0,0,0,1,0,1,1,0,1
C7J3J8_ORYSJ,NP,NP,NP,NP,5.51E-05,-0.988642032,NP,NP,0,0,0,0,0,0,1,0,1,0,0,0
C7J400_ORYSJ,NP,NP,NP,NP,0.244709537,-0.054516288,NP,NP,0,0,0,0,0,0,0,0,0,0,0,0
C7J5Z5_ORYSJ,NP,NP,NP,NP,0.001247252,-0.265668365,NP,NP,0,0,0,0,0,0,1,0,1,0,0,0
CDPK2_ORYSJ,NP,NP,NP,NP,0.195999104,0.043237097,NP,NP,0,0,0,0,0,0,0,0,0,0,0,0
CESA9_ORYSJ,NP,NP,NP,NP,0.020264863,1.401469892,NP,NP,0,0,0,0,0,0,1,1,0,0,0,0
CESAB_ORYSJ,NP,NP,NP,NP,0.001586176,-0.171632803,0.317937054,0.065087454,0,0,0,0,0,0,1,0,1,0,0,0
CHARK_ORYSJ,NP,NP,NP,NP,0.001849313,0.126928292,0.000961046,-2.526281855,0,0,0,0,0,0,1,1,0,1,0,1
CKI4_ORYSJ,NP,NP,NP,NP,0.001979665,-0.213993858,NP,NP,0,0,0,0,0,0,1,0,1,0,0,0
CLPB2_ORYSJ,NP,NP,NP,NP,0.151824417,-0.034197092,0.065083085,1.422737404,0,0,0,0,0,0,0,0,0,0,0,0
CMT3_ORYSJ,NP,NP,NP,NP,0.110912117,0.037474692,NP,NP,0,0,0,0,0,0,0,0,0,0,0,0
COLD1_ORYSJ,NP,NP,NP,NP,0.246279657,0.040567604,0.0692146,-0.205480116,0,0,0,0,0,0,0,0,0,0,0,0
CPSF2_ORYSJ,NP,NP,NP,NP,1.87E-05,0.758746663,NP,NP,0,0,0,0,0,0,1,1,0,0,0,0
CRS1_ORYSJ,NP,NP,NP,NP,0.000140577,0.653559807,0.048929684,1.043823959,0,0,0,0,0,0,1,1,0,1,1,0
CSLD4_ORYSJ,NP,NP,NP,NP,0.295791746,0.453289736,NP,NP,0,0,0,0,0,0,0,0,0,0,0,0
CSLH1_ORYSJ,NP,NP,NP,NP,0.001262081,0.174470126,NP,NP,0,0,0,0,0,0,1,1,0,0,0,0
CYL3_ORYSJ,NP,NP,NP,NP,0.236251229,0.052714025,0.122498078,0.63460985,0,0,0,0,0,0,0,0,0,0,0,0
DDB1_ORYSJ,NP,NP,NP,NP,0.409426242,-0.108643993,NP,NP,0,0,0,0,0,0,0,0,0,0,0,0
DPE2_ORYSJ,NP,NP,NP,NP,0.064869601,0.039872767,NP,NP,0,0,0,0,0,0,0,0,0,0,0,0
EMF2A_ORYSJ,NP,NP,NP,NP,1.98E-05,1.094665612,0.190355165,0.11834807,0,0,0,0,0,0,1,1,0,0,0,0
FH1_ORYSJ,NP,NP,NP,NP,0.000258174,0.339710397,NP,NP,0,0,0,0,0,0,1,1,0,0,0,0
FH4_ORYSJ,NP,NP,NP,NP,0.012105426,-0.931285736,0.065024006,-0.189457682,0,0,0,0,0,0,1,0,1,0,0,0
FH9_ORYSJ,NP,NP,NP,NP,0.18404188,-0.023947493,NP,NP,0,0,0,0,0,0,0,0,0,0,0,0
FTSH2_ORYSJ,NP,NP,NP,NP,0.000387836,-0.776142352,0.016345736,1.035653216,0,0,0,0,0,0,1,0,1,1,1,0
GIGAN_ORYSJ,NP,NP,NP,NP,0.480408993,0.006335857,0.107127281,-0.261584071,0,0,0,0,0,0,0,0,0,0,0,0
HACL1_ORYSJ,NP,NP,NP,NP,9.66E-05,-1.039388205,0.027552112,-1.565919562,0,0,0,0,0,0,1,0,1,1,0,1
HACL2_ORYSJ,NP,NP,NP,NP,0.286051786,0.141179433,0.230554082,-0.084837447,0,0,0,0,0,0,0,0,0,0,0,0
HCT4_ORYSJ,NP,NP,NP,NP,0.128668354,0.676160225,NP,NP,0,0,0,0,0,0,0,0,0,0,0,0
HOX29_ORYSJ,NP,NP,NP,NP,0.001466853,-0.292801844,0.023486088,-0.095261563,0,0,0,0,0,0,1,0,1,1,0,1
ILVB2_ORYSJ,NP,NP,NP,NP,0.001275528,-0.963087334,0.077502091,0.174543048,0,0,0,0,0,0,1,0,1,0,0,0
JM705_ORYSJ,NP,NP,NP,NP,0.218948056,-0.835599812,0.020622285,-1.86459023,0,0,0,0,0,0,0,0,0,1,0,1
LCB2B_ORYSJ,NP,NP,NP,NP,0.000495208,0.601749346,0.170711106,0.176009909,0,0,0,0,0,0,1,1,0,0,0,0
MCM2_ORYSJ,NP,NP,NP,NP,0.001463644,-0.12786177,NP,NP,0,0,0,0,0,0,1,0,1,0,0,0
MFP_ORYSJ,NP,NP,NP,NP,0.116854273,-0.068092107,0.04680976,-0.444246188,0,0,0,0,0,0,0,0,0,1,0,1
MST7_ORYSJ,NP,NP,NP,NP,0.001445678,-0.218925554,NP,NP,0,0,0,0,0,0,1,0,1,0,0,0
NCL2_ORYSJ,NP,NP,NP,NP,0.317126348,-0.144114501,0.126920628,0.450482896,0,0,0,0,0,0,0,0,0,0,0,0
NMCPB_ORYSJ,NP,NP,NP,NP,0.000125828,-1.178278365,NP,NP,0,0,0,0,0,0,1,0,1,0,0,0
OBGM_ORYSJ,NP,NP,NP,NP,0.260295355,-0.038912761,NP,NP,0,0,0,0,0,0,0,0,0,0,0,0
ORYA_ORYSJ,NP,NP,NP,NP,0.005104368,-3.049112393,NP,NP,0,0,0,0,0,0,1,0,1,0,0,0
PANK1_ORYSJ,NP,NP,NP,NP,0.351858784,-0.009167761,0.24100811,0.213487275,0,0,0,0,0,0,0,0,0,0,0,0
PETS_ORYSJ,NP,NP,NP,NP,0.492344446,-0.004134312,0.005360479,-3.764868756,0,0,0,0,0,0,0,0,0,1,0,1
PI5K1_ORYSJ,NP,NP,NP,NP,0.110912117,0.037474692,0.078009027,-0.186421605,0,0,0,0,0,0,0,0,0,0,0,0
Q0D540_ORYSJ,NP,NP,NP,NP,0.008280446,0.117834488,0.006715065,0.116959961,0,0,0,0,0,0,1,1,0,1,1,0
Q0D699_ORYSJ,NP,NP,NP,NP,0.0105144,-0.112003294,0.059090551,0.399413213,0,0,0,0,0,0,1,0,1,0,0,0
Q0D977_ORYSJ,NP,NP,NP,NP,0.125852876,0.12393071,0.196194416,-0.136851147,0,0,0,0,0,0,0,0,0,0,0,0
Q0DAN4_ORYSJ,NP,NP,NP,NP,0.156664095,-0.025357085,NP,NP,0,0,0,0,0,0,0,0,0,0,0,0
Q0DE04_ORYSJ,NP,NP,NP,NP,0.13428133,0.027960253,0.005268555,-0.293752121,0,0,0,0,0,0,0,0,0,1,0,1
Q0DHN2_ORYSJ,NP,NP,NP,NP,0.195999104,0.043237097,NP,NP,0,0,0,0,0,0,0,0,0,0,0,0
Q0DI97_ORYSJ,NP,NP,NP,NP,0.000258174,0.339710397,NP,NP,0,0,0,0,0,0,1,1,0,0,0,0
Q0DJC6_ORYSJ,NP,NP,NP,NP,0.000764493,-0.210650306,0.009971699,-0.581440506,0,0,0,0,0,0,1,0,1,1,0,1
Q0DJF0_ORYSJ,NP,NP,NP,NP,0.430163802,0.006053191,0.011714881,0.220755333,0,0,0,0,0,0,0,0,0,1,1,0
Q0DJH5_ORYSJ,NP,NP,NP,NP,0.000160429,-4.980263658,NP,NP,0,0,0,0,0,0,1,0,1,0,0,0
Q0DL40_ORYSJ,NP,NP,NP,NP,0.036920674,0.08479065,NP,NP,0,0,0,0,0,0,1,1,0,0,0,0
Q0DP22_ORYSJ,NP,NP,NP,NP,0.014403363,-0.164428488,0.289162096,-0.123566895,0,0,0,0,0,0,1,0,1,0,0,0
Q0DWG3_ORYSJ,NP,NP,NP,NP,0.002346904,-0.428315377,0.151662631,0.150863152,0,0,0,0,0,0,1,0,1,0,0,0
Q0DXS6_ORYSJ,NP,NP,NP,NP,0.000463017,-0.226875503,0.02748375,-1.673605653,0,0,0,0,0,0,1,0,1,1,0,1
Q0DZN8_ORYSJ,NP,NP,NP,NP,0.000662253,-0.363377552,0.057777074,-0.455087451,0,0,0,0,0,0,1,0,1,0,0,0
Q0E0C2_ORYSJ,NP,NP,NP,NP,0.000551105,-0.38604291,NP,NP,0,0,0,0,0,0,1,0,1,0,0,0
Q0E0M3_ORYSJ,NP,NP,NP,NP,0.012929337,0.045697011,0.139683835,-0.218544433,0,0,0,0,0,0,1,1,0,0,0,0
Q0E1G6_ORYSJ,NP,NP,NP,NP,0.333480444,0.013963588,NP,NP,0,0,0,0,0,0,0,0,0,0,0,0
Q0E256_ORYSJ,NP,NP,NP,NP,0.000422671,-0.187964204,NP,NP,0,0,0,0,0,0,1,0,1,0,0,0
Q0IPT6_ORYSJ,NP,NP,NP,NP,0.478122077,-0.003167772,0.462981268,0.020503907,0,0,0,0,0,0,0,0,0,0,0,0
Q0ISS6_ORYSJ,NP,NP,NP,NP,0.008555773,-0.173539759,0.005563573,0.314260591,0,0,0,0,0,0,1,0,1,1,1,0
Q0ITX2_ORYSJ,NP,NP,NP,NP,0.120117296,-0.027965242,NP,NP,0,0,0,0,0,0,0,0,0,0,0,0
Q0IW97_ORYSJ,NP,NP,NP,NP,0.120092733,0.129558944,0.026965468,-1.683689223,0,0,0,0,0,0,0,0,0,1,0,1
Q0J0J4_ORYSJ,NP,NP,NP,NP,0.282055716,0.070223505,0.024305577,-0.417906663,0,0,0,0,0,0,0,0,0,1,0,1
Q0J136_ORYSJ,NP,NP,NP,NP,0.000493294,-0.239493112,NP,NP,0,0,0,0,0,0,1,0,1,0,0,0
Q0J400_ORYSJ,NP,NP,NP,NP,0.00200332,-0.071578054,0.059974781,-0.170024607,0,0,0,0,0,0,1,0,1,0,0,0
Q0J4U3_ORYSJ,NP,NP,NP,NP,5.85E-05,0.736147778,NP,NP,0,0,0,0,0,0,1,1,0,0,0,0
Q0J5A8_ORYSJ,NP,NP,NP,NP,0.414122001,-0.009871327,0.011996043,-0.371579717,0,0,0,0,0,0,0,0,0,1,0,1
Q0J8I1_ORYSJ,NP,NP,NP,NP,0.000823873,0.425352866,NP,NP,0,0,0,0,0,0,1,1,0,0,0,0
Q0J909_ORYSJ,NP,NP,NP,NP,0.005556174,-0.215323089,NP,NP,0,0,0,0,0,0,1,0,1,0,0,0
Q0J9P9_ORYSJ,NP,NP,NP,NP,0.00071154,-0.384047573,0.046075418,-0.340200515,0,0,0,0,0,0,1,0,1,1,0,1
Q0J9Q8_ORYSJ,NP,NP,NP,NP,0.212292368,0.042346527,NP,NP,0,0,0,0,0,0,0,0,0,0,0,0
Q0J9W2_ORYSJ,NP,NP,NP,NP,0.28749728,-0.01878645,NP,NP,0,0,0,0,0,0,0,0,0,0,0,0
Q0J9Z0_ORYSJ,NP,NP,NP,NP,0.006869392,0.12313997,NP,NP,0,0,0,0,0,0,1,1,0,0,0,0
Q0JA23_ORYSJ,NP,NP,NP,NP,0.05934568,0.109201022,NP,NP,0,0,0,0,0,0,0,0,0,0,0,0
Q0JAM7_ORYSJ,NP,NP,NP,NP,0.156664095,-0.025357085,NP,NP,0,0,0,0,0,0,0,0,0,0,0,0
Q0JFW8_ORYSJ,NP,NP,NP,NP,0.010744556,0.70993368,0.085534911,1.070245645,0,0,0,0,0,0,1,1,0,0,0,0
Q0JIW3_ORYSJ,NP,NP,NP,NP,0.090486757,0.061999525,NP,NP,0,0,0,0,0,0,0,0,0,0,0,0
Q0JJ96_ORYSJ,NP,NP,NP,NP,0.001974386,-0.097635349,0.092963154,-0.257775345,0,0,0,0,0,0,1,0,1,0,0,0
Q0JLH9_ORYSJ,NP,NP,NP,NP,0.010744556,0.70993368,0.092687793,-0.075365077,0,0,0,0,0,0,1,1,0,0,0,0
Q0JPV9_ORYSJ,NP,NP,NP,NP,5.67E-05,0.727533581,NP,NP,0,0,0,0,0,0,1,1,0,0,0,0
Q0JQA5_ORYSJ,NP,NP,NP,NP,0.217351277,-0.049496272,0.081359461,-0.49036028,0,0,0,0,0,0,0,0,0,0,0,0
Q0JR43_ORYSJ,NP,NP,NP,NP,0.018643987,0.21555253,0.341869339,-0.019043098,0,0,0,0,0,0,1,1,0,0,0,0
Q10AL3_ORYSJ,NP,NP,NP,NP,0.016680473,0.183107611,0.346618644,0.137080779,0,0,0,0,0,0,1,1,0,0,0,0
Q10H58_ORYSJ,NP,NP,NP,NP,0.002258205,-0.50968825,0.388698273,0.092956154,0,0,0,0,0,0,1,0,1,0,0,0
Q10LR5_ORYSJ,NP,NP,NP,NP,0.023921239,-0.780395168,0.33257808,-0.077629565,0,0,0,0,0,0,1,0,1,0,0,0
Q10ML5_ORYSJ,NP,NP,NP,NP,0.026421743,-0.067409415,0.009974358,0.9541697,0,0,0,0,0,0,1,0,1,1,1,0
Q10MN1_ORYSJ,NP,NP,NP,NP,0.004898345,-0.889756821,0.28232859,-0.127936465,0,0,0,0,0,0,1,0,1,0,0,0
Q10N76_ORYSJ,NP,NP,NP,NP,0.000551105,-0.38604291,NP,NP,0,0,0,0,0,0,1,0,1,0,0,0
Q10NB4_ORYSJ,NP,NP,NP,NP,0.00021458,0.774157115,0.014483348,-0.865592596,0,0,0,0,0,0,1,1,0,1,0,1
Q10P89_ORYSJ,NP,NP,NP,NP,0.005556174,-0.215323089,NP,NP,0,0,0,0,0,0,1,0,1,0,0,0
Q10PQ6_ORYSJ,NP,NP,NP,NP,0.036001799,-0.070098981,0.441977003,-0.015007583,0,0,0,0,0,0,1,0,1,0,0,0
Q10Q61_ORYSJ,NP,NP,NP,NP,0.202771594,0.018132215,0.000859264,-0.540582142,0,0,0,0,0,0,0,0,0,1,0,1
Q10QR8_ORYSJ,NP,NP,NP,NP,0.001737287,-1.428097902,NP,NP,0,0,0,0,0,0,1,0,1,0,0,0
Q10T57_ORYSJ,NP,NP,NP,NP,0.145712838,0.031197413,0.138081148,-0.341508327,0,0,0,0,0,0,0,0,0,0,0,0
Q10T59_ORYSJ,NP,NP,NP,NP,0.018015538,-0.679362177,NP,NP,0,0,0,0,0,0,1,0,1,0,0,0
Q2QM12_ORYSJ,NP,NP,NP,NP,0.000218949,-0.723181927,0.445143352,0.029168754,0,0,0,0,0,0,1,0,1,0,0,0
Q2QM36_ORYSJ,NP,NP,NP,NP,0.000500105,-0.382772083,0.058501148,-1.715647635,0,0,0,0,0,0,1,0,1,0,0,0
Q2QN15_ORYSJ,NP,NP,NP,NP,0.0007861,0.181500875,0.472793337,0.009816234,0,0,0,0,0,0,1,1,0,0,0,0
Q2QNW7_ORYSJ,NP,NP,NP,NP,0.000110524,-0.389827614,0.036063616,-0.346494236,0,0,0,0,0,0,1,0,1,1,0,1
Q2QP84_ORYSJ,NP,NP,NP,NP,0.00176297,-0.116862804,NP,NP,0,0,0,0,0,0,1,0,1,0,0,0
Q2QPI5_ORYSJ,NP,NP,NP,NP,0.324126654,0.023201687,0.181000579,-1.429417609,0,0,0,0,0,0,0,0,0,0,0,0
Q2QQT3_ORYSJ,NP,NP,NP,NP,0.300662298,0.060778137,NP,NP,0,0,0,0,0,0,0,0,0,0,0,0
Q2QTU0_ORYSJ,NP,NP,NP,NP,0.107992423,-0.091815805,NP,NP,0,0,0,0,0,0,0,0,0,0,0,0
Q2QTX9_ORYSJ,NP,NP,NP,NP,5.51E-05,-0.988642032,NP,NP,0,0,0,0,0,0,1,0,1,0,0,0
Q2QV86_ORYSJ,NP,NP,NP,NP,0.002458608,0.124655764,NP,NP,0,0,0,0,0,0,1,1,0,0,0,0
Q2QVR3_ORYSJ,NP,NP,NP,NP,2.45E-05,1.858980361,NP,NP,0,0,0,0,0,0,1,1,0,0,0,0
Q2QXZ1_ORYSJ,NP,NP,NP,NP,6.09E-06,-0.414976094,0.101008799,0.270112634,0,0,0,0,0,0,1,0,1,0,0,0
Q2QY19_ORYSJ,NP,NP,NP,NP,1.87E-05,-0.807914784,NP,NP,0,0,0,0,0,0,1,0,1,0,0,0
Q2QZJ3_ORYSJ,NP,NP,NP,NP,0.179227793,0.061598904,NP,NP,0,0,0,0,0,0,0,0,0,0,0,0
Q2R131_ORYSJ,NP,NP,NP,NP,0.151319511,-0.272694769,0.28616397,0.047033694,0,0,0,0,0,0,0,0,0,0,0,0
Q2R497_ORYSJ,NP,NP,NP,NP,0.076027869,0.044510015,NP,NP,0,0,0,0,0,0,0,0,0,0,0,0
Q2RAQ7_ORYSJ,NP,NP,NP,NP,0.000258174,0.339710397,NP,NP,0,0,0,0,0,0,1,1,0,0,0,0
Q337K5_ORYSJ,NP,NP,NP,NP,0.023602093,-0.174710992,0.115009652,-0.592881476,0,0,0,0,0,0,1,0,1,0,0,0
Q53M68_ORYSJ,NP,NP,NP,NP,0.001463644,-0.12786177,NP,NP,0,0,0,0,0,0,1,0,1,0,0,0
Q53P15_ORYSJ,NP,NP,NP,NP,7.74E-05,0.782921093,0.151215959,0.364788862,0,0,0,0,0,0,1,1,0,0,0,0
Q53PC8_ORYSJ,NP,NP,NP,NP,3.09E-05,0.656494798,NP,NP,0,0,0,0,0,0,1,1,0,0,0,0
Q5JJU2_ORYSJ,NP,NP,NP,NP,0.012237213,0.794803131,NP,NP,0,0,0,0,0,0,1,1,0,0,0,0
Q5JLW2_ORYSJ,NP,NP,NP,NP,0.000422671,-0.187964204,NP,NP,0,0,0,0,0,0,1,0,1,0,0,0
Q5JNF3_ORYSJ,NP,NP,NP,NP,0.001874739,-0.209245104,NP,NP,0,0,0,0,0,0,1,0,1,0,0,0
Q5JNL6_ORYSJ,NP,NP,NP,NP,0.331331704,0.039778091,NP,NP,0,0,0,0,0,0,0,0,0,0,0,0
Q5N730_ORYSJ,NP,NP,NP,NP,0.000305144,-0.285715457,NP,NP,0,0,0,0,0,0,1,0,1,0,0,0
Q5N7Y5_ORYSJ,NP,NP,NP,NP,0.118281685,0.078415518,0.082660633,-0.167121099,0,0,0,0,0,0,0,0,0,0,0,0
Q5N9E6_ORYSJ,NP,NP,NP,NP,0.197350813,0.023188618,0.010454731,0.683050224,0,0,0,0,0,0,0,0,0,1,1,0
Q5N9R6_ORYSJ,NP,NP,NP,NP,0.048337599,-0.083032136,NP,NP,0,0,0,0,0,0,1,0,1,0,0,0
Q5SMM7_ORYSJ,NP,NP,NP,NP,0.228341824,-0.037382336,0.247548987,0.121641944,0,0,0,0,0,0,0,0,0,0,0,0
Q5VMA2_ORYSJ,NP,NP,NP,NP,0.000112632,0.9036186,NP,NP,0,0,0,0,0,0,1,1,0,0,0,0
Q5VPA8_ORYSJ,NP,NP,NP,NP,0.001589108,-0.241971227,NP,NP,0,0,0,0,0,0,1,0,1,0,0,0
Q5W675_ORYSJ,NP,NP,NP,NP,0.260295355,-0.038912761,NP,NP,0,0,0,0,0,0,0,0,0,0,0,0
Q5W6W7_ORYSJ,NP,NP,NP,NP,8.03E-06,0.700836346,0.185463342,-0.817178226,0,0,0,0,0,0,1,1,0,0,0,0
Q5W6Y2_ORYSJ,NP,NP,NP,NP,0.333480444,0.013963588,NP,NP,0,0,0,0,0,0,0,0,0,0,0,0
Q5Z9X4_ORYSJ,NP,NP,NP,NP,0.00184525,0.448479425,0.032901465,0.065964433,0,0,0,0,0,0,1,1,0,1,1,0
Q5ZA14_ORYSJ,NP,NP,NP,NP,0.000519759,0.452198819,NP,NP,0,0,0,0,0,0,1,1,0,0,0,0
Q5ZB74_ORYSJ,NP,NP,NP,NP,0.034164469,-1.411671291,NP,NP,0,0,0,0,0,0,1,0,1,0,0,0
Q64MA5_ORYSJ,NP,NP,NP,NP,0.266293966,0.013628111,0.010678045,0.48259224,0,0,0,0,0,0,0,0,0,1,1,0
Q651I6_ORYSJ,NP,NP,NP,NP,0.071735248,-1.508703533,0.002071625,-2.070539807,0,0,0,0,0,0,0,0,0,1,0,1
Q655M5_ORYSJ,NP,NP,NP,NP,0.001517041,-3.646044249,0.000372544,1.556954207,0,0,0,0,0,0,1,0,1,1,1,0
Q657N5_ORYSJ,NP,NP,NP,NP,0.048777296,-0.318641366,0.440250468,0.040108354,0,0,0,0,0,0,1,0,1,0,0,0
Q657S3_ORYSJ,NP,NP,NP,NP,0.001874739,-0.209245104,NP,NP,0,0,0,0,0,0,1,0,1,0,0,0
Q658B2_ORYSJ,NP,NP,NP,NP,3.24E-05,0.421912963,0.060886489,-0.677185471,0,0,0,0,0,0,1,1,0,0,0,0
Q658H9_ORYSJ,NP,NP,NP,NP,0.172495297,0.030660344,NP,NP,0,0,0,0,0,0,0,0,0,0,0,0
Q65XK6_ORYSJ,NP,NP,NP,NP,0.485869353,-0.00235474,0.256447061,0.466546192,0,0,0,0,0,0,0,0,0,0,0,0
Q67IT2_ORYSJ,NP,NP,NP,NP,5.51E-05,-0.988642032,NP,NP,0,0,0,0,0,0,1,0,1,0,0,0
Q67UP5_ORYSJ,NP,NP,NP,NP,5.85E-05,0.736147778,NP,NP,0,0,0,0,0,0,1,1,0,0,0,0
Q67WJ7_ORYSJ,NP,NP,NP,NP,0.04394057,-0.084194961,0.006915306,-0.393218883,0,0,0,0,0,0,1,0,1,1,0,1
Q688X7_ORYSJ,NP,NP,NP,NP,3.61E-05,-0.502274645,0.270537034,-0.078539602,0,0,0,0,0,0,1,0,1,0,0,0
Q69JG3_ORYSJ,NP,NP,NP,NP,0.029162745,-0.188110432,NP,NP,0,0,0,0,0,0,1,0,1,0,0,0
Q69L95_ORYSJ,NP,NP,NP,NP,1.04E-05,-0.77724741,NP,NP,0,0,0,0,0,0,1,0,1,0,0,0
Q69PH8_ORYSJ,NP,NP,NP,NP,0.305635308,0.013823544,NP,NP,0,0,0,0,0,0,0,0,0,0,0,0
Q69QY4_ORYSJ,NP,NP,NP,NP,0.379261471,-0.019305314,NP,NP,0,0,0,0,0,0,0,0,0,0,0,0
Q69RG8_ORYSJ,NP,NP,NP,NP,0.001717972,-0.055256705,0.101537715,-0.115952848,0,0,0,0,0,0,1,0,1,0,0,0
Q69SM9_ORYSJ,NP,NP,NP,NP,0.065446756,-1.050223459,NP,NP,0,0,0,0,0,0,0,0,0,0,0,0
Q69V56_ORYSJ,NP,NP,NP,NP,0.334572888,-0.018457975,NP,NP,0,0,0,0,0,0,0,0,0,0,0,0
Q69YA3_ORYSJ,NP,NP,NP,NP,0.00016163,-3.416185987,0.067895512,-0.38934428,0,0,0,0,0,0,1,0,1,0,0,0
Q6ATD0_ORYSJ,NP,NP,NP,NP,0.011206479,0.111388748,NP,NP,0,0,0,0,0,0,1,1,0,0,0,0
Q6ATF5_ORYSJ,NP,NP,NP,NP,2.99E-06,-1.948958948,0.406404264,0.056562414,0,0,0,0,0,0,1,0,1,0,0,0
Q6AV49_ORYSJ,NP,NP,NP,NP,0.324098569,-0.205240175,NP,NP,0,0,0,0,0,0,0,0,0,0,0,0
Q6EQJ8_ORYSJ,NP,NP,NP,NP,0.011206479,0.111388748,NP,NP,0,0,0,0,0,0,1,1,0,0,0,0
Q6ERR4_ORYSJ,NP,NP,NP,NP,0.050829949,-0.041904654,0.160272534,0.030419292,0,0,0,0,0,0,0,0,0,0,0,0
Q6F2N1_ORYSJ,NP,NP,NP,NP,0.003072739,-0.331084575,0.026913425,-0.715572796,0,0,0,0,0,0,1,0,1,1,0,1
Q6F323_ORYSJ,NP,NP,NP,NP,0.0001579,-4.540482963,NP,NP,0,0,0,0,0,0,1,0,1,0,0,0
Q6H462_ORYSJ,NP,NP,NP,NP,0.075633327,-0.254320867,0.004381579,0.578563934,0,0,0,0,0,0,0,0,0,1,1,0
Q6H6H8_ORYSJ,NP,NP,NP,NP,0.001931175,0.379075567,NP,NP,0,0,0,0,0,0,1,1,0,0,0,0
Q6K2D3_ORYSJ,NP,NP,NP,NP,0.113496339,0.108060699,0.004195808,-0.931597148,0,0,0,0,0,0,0,0,0,1,0,1
Q6K3A0_ORYSJ,NP,NP,NP,NP,0.000891377,-0.250411157,0.09850289,-0.219147282,0,0,0,0,0,0,1,0,1,0,0,0
Q6K688_ORYSJ,NP,NP,NP,NP,0.049580363,0.051922063,NP,NP,0,0,0,0,0,0,1,1,0,0,0,0
Q6K9S6_ORYSJ,NP,NP,NP,NP,0.196117036,0.054939887,0.006469602,-0.74243296,0,0,0,0,0,0,0,0,0,1,0,1
Q6KAF1_ORYSJ,NP,NP,NP,NP,0.001395092,-0.227624762,NP,NP,0,0,0,0,0,0,1,0,1,0,0,0
Q6L5D7_ORYSJ,NP,NP,NP,NP,0.068548233,0.132012316,NP,NP,0,0,0,0,0,0,0,0,0,0,0,0
Q6YTJ6_ORYSJ,NP,NP,NP,NP,0.142737917,-0.048137384,NP,NP,0,0,0,0,0,0,0,0,0,0,0,0
Q6YTT7_ORYSJ,NP,NP,NP,NP,4.56E-05,-1.208210338,NP,NP,0,0,0,0,0,0,1,0,1,0,0,0
Q6YUT7_ORYSJ,NP,NP,NP,NP,0.132771684,-0.239998641,0.028183325,-1.013615551,0,0,0,0,0,0,0,0,0,1,0,1
Q6YVT7_ORYSJ,NP,NP,NP,NP,3.75E-05,0.657380319,0.01383548,-0.682167513,0,0,0,0,0,0,1,1,0,1,0,1
Q6YW02_ORYSJ,NP,NP,NP,NP,0.117349601,-0.031908061,0.024562418,-1.22884861,0,0,0,0,0,0,0,0,0,1,0,1
Q6YWQ3_ORYSJ,NP,NP,NP,NP,0.00611205,-0.075544284,NP,NP,0,0,0,0,0,0,1,0,1,0,0,0
Q6YXX3_ORYSJ,NP,NP,NP,NP,0.031882127,-0.113041708,NP,NP,0,0,0,0,0,0,1,0,1,0,0,0
Q6YYB9_ORYSJ,NP,NP,NP,NP,0.236251229,0.052714025,NP,NP,0,0,0,0,0,0,0,0,0,0,0,0
Q6Z133_ORYSJ,NP,NP,NP,NP,0.015038452,-0.109640668,NP,NP,0,0,0,0,0,0,1,0,1,0,0,0
Q6Z246_ORYSJ,NP,NP,NP,NP,0.012490652,0.074905804,0.000206494,-0.521218822,0,0,0,0,0,0,1,1,0,1,0,1
Q6Z2M4_ORYSJ,NP,NP,NP,NP,0.433181767,0.067868153,0.008329452,0.846008287,0,0,0,0,0,0,0,0,0,1,1,0
Q6Z3T9_ORYSJ,NP,NP,NP,NP,0.000169529,0.963616591,0.110759671,-0.334417718,0,0,0,0,0,0,1,1,0,0,0,0
Q6Z4J7_ORYSJ,NP,NP,NP,NP,3.96E-05,-2.389327354,0.01057889,-0.556960414,0,0,0,0,0,0,1,0,1,1,0,1
Q6Z5U7_ORYSJ,NP,NP,NP,NP,0.096025096,0.177531922,0.036347606,-0.310704883,0,0,0,0,0,0,0,0,0,1,0,1
Q6ZA22_ORYSJ,NP,NP,NP,NP,0.012929337,0.045697011,0.132070854,0.115129839,0,0,0,0,0,0,1,1,0,0,0,0
Q6ZA53_ORYSJ,NP,NP,NP,NP,0.000111143,-0.361220145,0.015160509,-0.478785089,0,0,0,0,0,0,1,0,1,1,0,1
Q6ZBS5_ORYSJ,NP,NP,NP,NP,0.002346904,-0.428315377,NP,NP,0,0,0,0,0,0,1,0,1,0,0,0
Q6ZDC2_ORYSJ,NP,NP,NP,NP,0.006830031,-0.111989818,0.280251784,-0.090816772,0,0,0,0,0,0,1,0,1,0,0,0
Q6ZDG9_ORYSJ,NP,NP,NP,NP,1.04E-05,-0.77724741,NP,NP,0,0,0,0,0,0,1,0,1,0,0,0
Q6ZGK4_ORYSJ,NP,NP,NP,NP,0.023607227,0.725831598,NP,NP,0,0,0,0,0,0,1,1,0,0,0,0
Q6ZJ60_ORYSJ,NP,NP,NP,NP,0.001874739,-0.209245104,NP,NP,0,0,0,0,0,0,1,0,1,0,0,0
Q6ZJR8_ORYSJ,NP,NP,NP,NP,0.006067182,-0.128593635,0.254448256,-0.358678959,0,0,0,0,0,0,1,0,1,0,0,0
Q6ZK55_ORYSJ,NP,NP,NP,NP,0.00611205,-0.075544284,NP,NP,0,0,0,0,0,0,1,0,1,0,0,0
Q6ZKW7_ORYSJ,NP,NP,NP,NP,0.002015351,2.119449883,NP,NP,0,0,0,0,0,0,1,1,0,0,0,0
Q7EYN1_ORYSJ,NP,NP,NP,NP,0.064869601,0.039872767,NP,NP,0,0,0,0,0,0,0,0,0,0,0,0
Q7EZ33_ORYSJ,NP,NP,NP,NP,0.282055716,0.070223505,0.040081019,-0.421064054,0,0,0,0,0,0,0,0,0,1,0,1
Q7F1L6_ORYSJ,NP,NP,NP,NP,0.228893735,-0.020632661,0.369817461,0.028099818,0,0,0,0,0,0,0,0,0,0,0,0
Q7F8R1_ORYSJ,NP,NP,NP,NP,5.07E-06,-4.858854809,NP,NP,0,0,0,0,0,0,1,0,1,0,0,0
Q7XBT9_ORYSJ,NP,NP,NP,NP,0.151083039,-0.088868751,NP,NP,0,0,0,0,0,0,0,0,0,0,0,0
Q7XDV9_ORYSJ,NP,NP,NP,NP,0.004840938,-0.505545909,NP,NP,0,0,0,0,0,0,1,0,1,0,0,0
Q7XMJ7_ORYSJ,NP,NP,NP,NP,0.032059321,-0.50929354,0.040711889,-0.420054366,0,0,0,0,0,0,1,0,1,1,0,1
Q7XQE4_ORYSJ,NP,NP,NP,NP,0.005695577,-0.843918252,0.027007546,-0.905710997,0,0,0,0,0,0,1,0,1,1,0,1
Q7XQG6_ORYSJ,NP,NP,NP,NP,0.228893735,-0.020632661,NP,NP,0,0,0,0,0,0,0,0,0,0,0,0
Q7XT31_ORYSJ,NP,NP,NP,NP,0.000112632,0.9036186,NP,NP,0,0,0,0,0,0,1,1,0,0,0,0
Q7XT44_ORYSJ,NP,NP,NP,NP,0.179227793,0.061598904,NP,NP,0,0,0,0,0,0,0,0,0,0,0,0
Q7XTH1_ORYSJ,NP,NP,NP,NP,0.040944604,-0.214694786,NP,NP,0,0,0,0,0,0,1,0,1,0,0,0
Q7XW19_ORYSJ,NP,NP,NP,NP,0.000592483,-0.259692041,NP,NP,0,0,0,0,0,0,1,0,1,0,0,0
Q7XZF6_ORYSJ,NP,NP,NP,NP,0.107992423,-0.091815805,NP,NP,0,0,0,0,0,0,0,0,0,0,0,0
Q84ZR6_ORYSJ,NP,NP,NP,NP,0.000133857,-0.237657645,0.117989022,0.406103988,0,0,0,0,0,0,1,0,1,0,0,0
Q851G7_ORYSJ,NP,NP,NP,NP,1.15E-05,1.407047598,NP,NP,0,0,0,0,0,0,1,1,0,0,0,0
Q852B2_ORYSJ,NP,NP,NP,NP,0.032639415,-0.079205262,NP,NP,0,0,0,0,0,0,1,0,1,0,0,0
Q8GSZ9_ORYSJ,NP,NP,NP,NP,0.001275528,-0.963087334,0.115192564,-0.742405254,0,0,0,0,0,0,1,0,1,0,0,0
Q8H067_ORYSJ,NP,NP,NP,NP,0.143026145,-1.180396925,0.488535003,-0.028455791,0,0,0,0,0,0,0,0,0,0,0,0
Q8H2N2_ORYSJ,NP,NP,NP,NP,0.135836812,0.088509195,0.201280968,-0.214823248,0,0,0,0,0,0,0,0,0,0,0,0
Q8H4E0_ORYSJ,NP,NP,NP,NP,2.29E-05,-1.187494838,0.164281223,0.353945923,0,0,0,0,0,0,1,0,1,0,0,0
Q8H530_ORYSJ,NP,NP,NP,NP,0.001062142,1.354396725,0.116487016,-0.384514147,0,0,0,0,0,0,1,1,0,0,0,0
Q8H636_ORYSJ,NP,NP,NP,NP,0.000463017,-0.226875503,NP,NP,0,0,0,0,0,0,1,0,1,0,0,0
Q8LHG0_ORYSJ,NP,NP,NP,NP,0.000406951,1.01037223,0.012001266,-0.906600083,0,0,0,0,0,0,1,1,0,1,0,1
Q8LNF7_ORYSJ,NP,NP,NP,NP,0.061751918,-0.318707966,0.136029243,0.190230005,0,0,0,0,0,0,0,0,0,0,0,0
Q8LQR6_ORYSJ,NP,NP,NP,NP,0.000342951,0.407177827,NP,NP,0,0,0,0,0,0,1,1,0,0,0,0
Q8LR92_ORYSJ,NP,NP,NP,NP,0.154756025,-0.03972001,NP,NP,0,0,0,0,0,0,0,0,0,0,0,0
Q8RYR1_ORYSJ,NP,NP,NP,NP,0.46942472,0.00645749,0.011874442,0.375793839,0,0,0,0,0,0,0,0,0,1,1,0
Q8W2G5_ORYSJ,NP,NP,NP,NP,0.000642084,1.658032833,NP,NP,0,0,0,0,0,0,1,1,0,0,0,0
Q9AS74_ORYSJ,NP,NP,NP,NP,0.022253843,0.095915464,0.098151858,-0.163682434,0,0,0,0,0,0,1,1,0,0,0,0
Q9FP66_ORYSJ,NP,NP,NP,NP,0.000406951,1.01037223,NP,NP,0,0,0,0,0,0,1,1,0,0,0,0
Q9LD96_ORYSJ,NP,NP,NP,NP,0.181751295,-1.302243457,0.059770144,-3.575701154,0,0,0,0,0,0,0,0,0,0,0,0
Q9LGL5_ORYSJ,NP,NP,NP,NP,0.001730553,-2.233441886,NP,NP,0,0,0,0,0,0,1,0,1,0,0,0
Q9LHX8_ORYSJ,NP,NP,NP,NP,0.073076196,-0.10188574,NP,NP,0,0,0,0,0,0,0,0,0,0,0,0
RBR1_ORYSJ,NP,NP,NP,NP,0.02933075,0.08744376,0.007094849,1.066558697,0,0,0,0,0,0,1,1,0,1,1,0
RFA2C_ORYSJ,NP,NP,NP,NP,0.005556174,-0.215323089,NP,NP,0,0,0,0,0,0,1,0,1,0,0,0
RFC1_ORYSJ,NP,NP,NP,NP,0.092342375,-0.087330859,0.189528875,0.266203293,0,0,0,0,0,0,0,0,0,0,0,0
RH52C_ORYSJ,NP,NP,NP,NP,8.24E-05,-6.871357105,NP,NP,0,0,0,0,0,0,1,0,1,0,0,0
RH9_ORYSJ,NP,NP,NP,NP,0.002022871,-0.278825677,NP,NP,0,0,0,0,0,0,1,0,1,0,0,0
RPN2_ORYSJ,NP,NP,NP,NP,0.024131314,-0.090687568,0.006585905,-0.517561876,0,0,0,0,0,0,1,0,1,1,0,1
SPSA5_ORYSJ,NP,NP,NP,NP,0.172898133,0.026285706,0.001695705,1.120202307,0,0,0,0,0,0,0,0,0,1,1,0
SSY21_ORYSJ,NP,NP,NP,NP,0.358877562,0.020046434,NP,NP,0,0,0,0,0,0,0,0,0,0,0,0
SUV3M_ORYSJ,NP,NP,NP,NP,0.004024822,0.218083937,0.371005684,0.07864833,0,0,0,0,0,0,1,1,0,0,0,0
SY111_ORYSJ,NP,NP,NP,NP,0.027877751,-0.129976657,NP,NP,0,0,0,0,0,0,1,0,1,0,0,0
TAF1B_ORYSJ,NP,NP,NP,NP,0.000956647,-0.235590763,0.308874555,0.098474192,0,0,0,0,0,0,1,0,1,0,0,0
TGAL9_ORYSJ,NP,NP,NP,NP,0.324098569,-0.205240175,NP,NP,0,0,0,0,0,0,0,0,0,0,0,0
TR120_ORYSJ,NP,NP,NP,NP,0.001123222,0.278881813,0.01085407,-0.383961057,0,0,0,0,0,0,1,1,0,1,0,1
V9G2Z0_ORYSJ,NP,NP,NP,NP,0.002022871,-0.278825677,NP,NP,0,0,0,0,0,0,1,0,1,0,0,0
WNK4_ORYSJ,NP,NP,NP,NP,0.217351277,-0.049496272,0.076952047,-0.27410697,0,0,0,0,0,0,0,0,0,0,0,0
XDH_ORYSJ,NP,NP,NP,NP,0.000414567,-0.240201299,NP,NP,0,0,0,0,0,0,1,0,1,0,0,0
YSL16_ORYSJ,NP,NP,NP,NP,2.45E-05,1.858980361,NP,NP,0,0,0,0,0,0,1,1,0,0,0,0
A0A0N7KKE3_ORYSJ,NP,NP,NP,NP,NP,NP,0.000896616,2.610143854,0,0,0,0,0,0,0,0,0,1,1,0
A0A0P0UXE2_ORYSJ,NP,NP,NP,NP,NP,NP,0.373609582,-0.369180555,0,0,0,0,0,0,0,0,0,0,0,0
A0A0P0V8R9_ORYSJ,NP,NP,NP,NP,NP,NP,0.002291494,1.728051638,0,0,0,0,0,0,0,0,0,1,1,0
A0A0P0VC44_ORYSJ,NP,NP,NP,NP,NP,NP,0.070578521,0.61211118,0,0,0,0,0,0,0,0,0,0,0,0
A0A0P0W9R0_ORYSJ,NP,NP,NP,NP,NP,NP,0.090716775,4.401090283,0,0,0,0,0,0,0,0,0,0,0,0
A0A0P0WA26_ORYSJ,NP,NP,NP,NP,NP,NP,0.005704302,-0.403572602,0,0,0,0,0,0,0,0,0,1,0,1
A0A0P0WEM3_ORYSJ,NP,NP,NP,NP,NP,NP,0.314551797,-0.683217914,0,0,0,0,0,0,0,0,0,0,0,0
A0A0P0WEM6_ORYSJ,NP,NP,NP,NP,NP,NP,0.132078858,-0.406266993,0,0,0,0,0,0,0,0,0,0,0,0
A0A0P0WFA2_ORYSJ,NP,NP,NP,NP,NP,NP,0.001089895,1.697666358,0,0,0,0,0,0,0,0,0,1,1,0
A0A0P0WMP3_ORYSJ,NP,NP,NP,NP,NP,NP,0.241845251,-0.174955843,0,0,0,0,0,0,0,0,0,0,0,0
A0A0P0XDL5_ORYSJ,NP,NP,NP,NP,NP,NP,0.066646915,0.840420201,0,0,0,0,0,0,0,0,0,0,0,0
A0A0P0XQX3_ORYSJ,NP,NP,NP,NP,NP,NP,0.000473417,-0.775767917,0,0,0,0,0,0,0,0,0,1,0,1
A0A0P0XRL9_ORYSJ,NP,NP,NP,NP,NP,NP,0.005595299,0.475165355,0,0,0,0,0,0,0,0,0,1,1,0
A0A0P0XWY0_ORYSJ,NP,NP,NP,NP,NP,NP,0.023530191,-0.751780564,0,0,0,0,0,0,0,0,0,1,0,1
A0A0P0YBH4_ORYSJ,NP,NP,NP,NP,NP,NP,0.044983599,-1.975194311,0,0,0,0,0,0,0,0,0,1,0,1
A2ZVJ3_ORYSJ,NP,NP,NP,NP,NP,NP,0.225684465,-0.525462077,0,0,0,0,0,0,0,0,0,0,0,0
AB40G_ORYSJ,NP,NP,NP,NP,NP,NP,0.024619638,0.607174443,0,0,0,0,0,0,0,0,0,1,1,0
B7F7L1_ORYSJ,NP,NP,NP,NP,NP,NP,0.226593572,0.788697441,0,0,0,0,0,0,0,0,0,0,0,0
BRI1_ORYSJ,NP,NP,NP,NP,NP,NP,0.077438147,0.841092684,0,0,0,0,0,0,0,0,0,0,0,0
C3H32_ORYSJ,NP,NP,NP,NP,NP,NP,0.135147892,-1.288051307,0,0,0,0,0,0,0,0,0,0,0,0
C701S_ORYSJ,NP,NP,NP,NP,NP,NP,0.311067679,0.144333354,0,0,0,0,0,0,0,0,0,0,0,0
DCL4_ORYSJ,NP,NP,NP,NP,NP,NP,0.120425433,-5.174665601,0,0,0,0,0,0,0,0,0,0,0,0
GLUA1_ORYSJ,NP,NP,NP,NP,NP,NP,0.493284758,-0.020084148,0,0,0,0,0,0,0,0,0,0,0,0
PIN8_ORYSJ,NP,NP,NP,NP,NP,NP,0.054057488,0.218945292,0,0,0,0,0,0,0,0,0,0,0,0
PUB12_ORYSJ,NP,NP,NP,NP,NP,NP,0.041828477,-0.330742197,0,0,0,0,0,0,0,0,0,1,0,1
Q0D600_ORYSJ,NP,NP,NP,NP,NP,NP,0.437918391,0.074705018,0,0,0,0,0,0,0,0,0,0,0,0
Q0DKN6_ORYSJ,NP,NP,NP,NP,NP,NP,0.016973,0.424279955,0,0,0,0,0,0,0,0,0,1,1,0
Q0E4A5_ORYSJ,NP,NP,NP,NP,NP,NP,0.289676754,0.09962133,0,0,0,0,0,0,0,0,0,0,0,0
Q0J8R0_ORYSJ,NP,NP,NP,NP,NP,NP,0.272954191,0.454174655,0,0,0,0,0,0,0,0,0,0,0,0
Q0J9B4_ORYSJ,NP,NP,NP,NP,NP,NP,0.062202485,0.64168167,0,0,0,0,0,0,0,0,0,0,0,0
Q0JES2_ORYSJ,NP,NP,NP,NP,NP,NP,0.011627543,0.883302546,0,0,0,0,0,0,0,0,0,1,1,0
Q0JLI9_ORYSJ,NP,NP,NP,NP,NP,NP,0.035047898,2.729721096,0,0,0,0,0,0,0,0,0,1,1,0
Q10LS9_ORYSJ,NP,NP,NP,NP,NP,NP,0.139642537,-1.099628676,0,0,0,0,0,0,0,0,0,0,0,0
Q10QI4_ORYSJ,NP,NP,NP,NP,NP,NP,0.009859449,-0.272956936,0,0,0,0,0,0,0,0,0,1,0,1
Q10RU8_ORYSJ,NP,NP,NP,NP,NP,NP,0.013711215,0.686244767,0,0,0,0,0,0,0,0,0,1,1,0
Q2QN51_ORYSJ,NP,NP,NP,NP,NP,NP,0.359024849,-0.292729198,0,0,0,0,0,0,0,0,0,0,0,0
Q2QTN7_ORYSJ,NP,NP,NP,NP,NP,NP,0.427569568,0.192241364,0,0,0,0,0,0,0,0,0,0,0,0
Q2QZY3_ORYSJ,NP,NP,NP,NP,NP,NP,0.127047156,#NUM!,0,0,0,0,0,0,0,0,0,0,0,0
Q337T2_ORYSJ,NP,NP,NP,NP,NP,NP,0.019965073,-1.42081131,0,0,0,0,0,0,0,0,0,1,0,1
Q33BK6_ORYSJ,NP,NP,NP,NP,NP,NP,2.22E-05,#NUM!,0,0,0,0,0,0,0,0,0,1,0,0
Q53PC9_ORYSJ,NP,NP,NP,NP,NP,NP,0.000225961,1.105834126,0,0,0,0,0,0,0,0,0,1,1,0
Q5JL22_ORYSJ,NP,NP,NP,NP,NP,NP,0.143543509,-0.910454435,0,0,0,0,0,0,0,0,0,0,0,0
Q5ZD75_ORYSJ,NP,NP,NP,NP,NP,NP,0.185564809,-0.127118516,0,0,0,0,0,0,0,0,0,0,0,0
Q653H3_ORYSJ,NP,NP,NP,NP,NP,NP,0.010235176,2.195457602,0,0,0,0,0,0,0,0,0,1,1,0
Q67WM2_ORYSJ,NP,NP,NP,NP,NP,NP,0.107739771,-0.265851895,0,0,0,0,0,0,0,0,0,0,0,0
Q69K21_ORYSJ,NP,NP,NP,NP,NP,NP,0.002218777,-0.343485418,0,0,0,0,0,0,0,0,0,1,0,1
Q69ML8_ORYSJ,NP,NP,NP,NP,NP,NP,0.184129344,-0.666788045,0,0,0,0,0,0,0,0,0,0,0,0
Q69PR8_ORYSJ,NP,NP,NP,NP,NP,NP,0.372301318,-0.052529781,0,0,0,0,0,0,0,0,0,0,0,0
Q6K3E4_ORYSJ,NP,NP,NP,NP,NP,NP,0.06273354,0.221999214,0,0,0,0,0,0,0,0,0,0,0,0
Q6K5W7_ORYSJ,NP,NP,NP,NP,NP,NP,0.011875932,-0.575788472,0,0,0,0,0,0,0,0,0,1,0,1
Q6ZDM3_ORYSJ,NP,NP,NP,NP,NP,NP,0.201787787,0.356676486,0,0,0,0,0,0,0,0,0,0,0,0
Q6ZFM2_ORYSJ,NP,NP,NP,NP,NP,NP,0.031437617,-0.218546919,0,0,0,0,0,0,0,0,0,1,0,1
Q6ZFT8_ORYSJ,NP,NP,NP,NP,NP,NP,0.062726723,#NUM!,0,0,0,0,0,0,0,0,0,0,0,0
Q6ZGV8_ORYSJ,NP,NP,NP,NP,NP,NP,0.025245408,1.129734103,0,0,0,0,0,0,0,0,0,1,1,0
Q75HW9_ORYSJ,NP,NP,NP,NP,NP,NP,0.004023628,-0.205807734,0,0,0,0,0,0,0,0,0,1,0,1
Q8H8W7_ORYSJ,NP,NP,NP,NP,NP,NP,0.310138669,0.28991555,0,0,0,0,0,0,0,0,0,0,0,0
Q8L4U4_ORYSJ,NP,NP,NP,NP,NP,NP,0.000964274,1.159005084,0,0,0,0,0,0,0,0,0,1,1,0
Q8S1F2_ORYSJ,NP,NP,NP,NP,NP,NP,0.22079117,1.237472102,0,0,0,0,0,0,0,0,0,0,0,0
Q94D92_ORYSJ,NP,NP,NP,NP,NP,NP,0.155381979,0.197876626,0,0,0,0,0,0,0,0,0,0,0,0
Q94GF2_ORYSJ,NP,NP,NP,NP,NP,NP,0.222796336,-0.106435328,0,0,0,0,0,0,0,0,0,0,0,0
Q9MBF2_ORYSJ,NP,NP,NP,NP,NP,NP,0.035167786,0.19414904,0,0,0,0,0,0,0,0,0,1,1,0
S40A3_ORYSJ,NP,NP,NP,NP,NP,NP,0.008281875,-0.579127843,0,0,0,0,0,0,0,0,0,1,0,1
